insert into Acquirers (acqID, Name, Sector) values (1, 'Stracke-Schmeler', 'Technology');
insert into Acquirers (acqID, Name, Sector) values (2, 'Parisian Inc', 'Finance');
insert into Acquirers (acqID, Name, Sector) values (3, 'Koss, Borer and Schmitt', 'Technology');
insert into Acquirers (acqID, Name, Sector) values (4, 'Beier-Koepp', 'Technology');
insert into Acquirers (acqID, Name, Sector) values (5, 'Beer Group', 'Retail');
insert into Acquirers (acqID, Name, Sector) values (6, 'Mueller-Donnelly', 'Education');
insert into Acquirers (acqID, Name, Sector) values (7, 'Lubowitz-Lynch', 'Technology');
insert into Acquirers (acqID, Name, Sector) values (8, 'Hammes-Hagenes', 'Technology');
insert into Acquirers (acqID, Name, Sector) values (9, 'Grady and Sons', 'Healthcare');
insert into Acquirers (acqID, Name, Sector) values (10, 'Gleichner, Batz and Schmeler', 'Finance');
insert into Acquirers (acqID, Name, Sector) values (11, 'Bernier Group', 'Finance');
insert into Acquirers (acqID, Name, Sector) values (12, 'Kunde-Aufderhar', 'Technology');
insert into Acquirers (acqID, Name, Sector) values (13, 'Hegmann Inc', 'Finance');
insert into Acquirers (acqID, Name, Sector) values (14, 'Mohr Inc', 'Technology');
insert into Acquirers (acqID, Name, Sector) values (15, 'Konopelski-Lang', 'Healthcare');
insert into Acquirers (acqID, Name, Sector) values (16, 'Doyle, Langosh and Reinger', 'Retail');
insert into Acquirers (acqID, Name, Sector) values (17, 'Purdy Inc', 'Finance');
insert into Acquirers (acqID, Name, Sector) values (18, 'Hahn-Hauck', 'Healthcare');
insert into Acquirers (acqID, Name, Sector) values (19, 'Gutkowski Inc', 'Finance');
insert into Acquirers (acqID, Name, Sector) values (20, 'Lind-Maggio', 'Retail');
insert into Acquirers (acqID, Name, Sector) values (21, 'Rau Inc', 'Technology');
insert into Acquirers (acqID, Name, Sector) values (22, 'Rohan-O''Reilly', 'Technology');
insert into Acquirers (acqID, Name, Sector) values (23, 'Frami-Romaguera', 'Technology');
insert into Acquirers (acqID, Name, Sector) values (24, 'Monahan-Morissette', 'Retail');
insert into Acquirers (acqID, Name, Sector) values (25, 'Bradtke Inc', 'Retail');
insert into Acquirers (acqID, Name, Sector) values (26, 'O''Connell LLC', 'Education');
insert into Acquirers (acqID, Name, Sector) values (27, 'Kuhn-Witting', 'Healthcare');
insert into Acquirers (acqID, Name, Sector) values (28, 'Steuber, Beahan and Lowe', 'Technology');
insert into Acquirers (acqID, Name, Sector) values (29, 'Lemke, Welch and Kerluke', 'Finance');
insert into Acquirers (acqID, Name, Sector) values (30, 'Mann-Schultz', 'Healthcare');
insert into Acquirers (acqID, Name, Sector) values (31, 'MacGyver-Price', 'Finance');
insert into Acquirers (acqID, Name, Sector) values (32, 'Prosacco-Yost', 'Technology');
insert into Acquirers (acqID, Name, Sector) values (33, 'Douglas-Kuvalis', 'Healthcare');
insert into Acquirers (acqID, Name, Sector) values (34, 'Cummerata, Wisozk and Ruecker', 'Retail');
insert into Acquirers (acqID, Name, Sector) values (35, 'Bruen Group', 'Education');
insert into Acquirers (acqID, Name, Sector) values (36, 'Ritchie Group', 'Education');
insert into Acquirers (acqID, Name, Sector) values (37, 'McKenzie-Swift', 'Retail');
insert into Acquirers (acqID, Name, Sector) values (38, 'Stoltenberg-Denesik', 'Education');
insert into Acquirers (acqID, Name, Sector) values (39, 'Macejkovic LLC', 'Finance');
insert into Acquirers (acqID, Name, Sector) values (40, 'Stark Inc', 'Healthcare');
insert into Acquirers (acqID, Name, Sector) values (41, 'Zulauf LLC', 'Retail');
insert into Acquirers (acqID, Name, Sector) values (42, 'Baumbach Inc', 'Education');
insert into Acquirers (acqID, Name, Sector) values (43, 'O''Keefe LLC', 'Education');
insert into Acquirers (acqID, Name, Sector) values (44, 'Schumm-Altenwerth', 'Retail');
insert into Acquirers (acqID, Name, Sector) values (45, 'Bayer-Schmeler', 'Education');
insert into Acquirers (acqID, Name, Sector) values (46, 'Willms, Dicki and Kris', 'Healthcare');
insert into Acquirers (acqID, Name, Sector) values (47, 'Friesen, Hilll and Padberg', 'Technology');
insert into Acquirers (acqID, Name, Sector) values (48, 'Gibson, Sipes and Rath', 'Retail');
insert into Acquirers (acqID, Name, Sector) values (49, 'Deckow-Conn', 'Technology');
insert into Acquirers (acqID, Name, Sector) values (50, 'Goodwin, Hermiston and Schuster', 'Finance');
insert into Acquirers (acqID, Name, Sector) values (51, 'Mayer-Zulauf', 'Finance');
insert into Acquirers (acqID, Name, Sector) values (52, 'Ebert, Lynch and Lockman', 'Finance');
insert into Acquirers (acqID, Name, Sector) values (53, 'Friesen Group', 'Education');
insert into Acquirers (acqID, Name, Sector) values (54, 'Johns, Botsford and Hoeger', 'Healthcare');
insert into Acquirers (acqID, Name, Sector) values (55, 'Miller, Farrell and Lind', 'Finance');
insert into Acquirers (acqID, Name, Sector) values (56, 'Wiegand-Ferry', 'Technology');
insert into Acquirers (acqID, Name, Sector) values (57, 'Reinger LLC', 'Healthcare');
insert into Acquirers (acqID, Name, Sector) values (58, 'Greenholt, Hermann and Williamson', 'Retail');
insert into Acquirers (acqID, Name, Sector) values (59, 'Connelly, Hackett and Zulauf', 'Finance');
insert into Acquirers (acqID, Name, Sector) values (60, 'Kunde-Streich', 'Technology');
insert into Acquirers (acqID, Name, Sector) values (61, 'Hodkiewicz-Stokes', 'Retail');
insert into Acquirers (acqID, Name, Sector) values (62, 'Daniel-Borer', 'Education');
insert into Acquirers (acqID, Name, Sector) values (63, 'Keeling-Nicolas', 'Healthcare');
insert into Acquirers (acqID, Name, Sector) values (64, 'Zulauf-Von', 'Technology');
insert into Acquirers (acqID, Name, Sector) values (65, 'O''Conner-O''Connell', 'Education');
insert into Acquirers (acqID, Name, Sector) values (66, 'Jaskolski and Sons', 'Technology');
insert into Acquirers (acqID, Name, Sector) values (67, 'Erdman, Bashirian and Wyman', 'Finance');
insert into Acquirers (acqID, Name, Sector) values (68, 'Feeney Inc', 'Healthcare');
insert into Acquirers (acqID, Name, Sector) values (69, 'Hills-Schinner', 'Finance');
insert into Acquirers (acqID, Name, Sector) values (70, 'Bradtke, Hammes and Wunsch', 'Retail');
insert into Acquirers (acqID, Name, Sector) values (71, 'Rice and Sons', 'Healthcare');
insert into Acquirers (acqID, Name, Sector) values (72, 'Hudson-Champlin', 'Finance');
insert into Acquirers (acqID, Name, Sector) values (73, 'Kuhn-Mraz', 'Education');
insert into Acquirers (acqID, Name, Sector) values (74, 'Hilll and Sons', 'Finance');
insert into Acquirers (acqID, Name, Sector) values (75, 'McClure, Bernier and Spencer', 'Retail');
insert into Acquirers (acqID, Name, Sector) values (76, 'Fritsch LLC', 'Healthcare');
insert into Acquirers (acqID, Name, Sector) values (77, 'Champlin-Huel', 'Education');
insert into Acquirers (acqID, Name, Sector) values (78, 'Walter-Jones', 'Finance');
insert into Acquirers (acqID, Name, Sector) values (79, 'Treutel, Borer and Kuhic', 'Finance');
insert into Acquirers (acqID, Name, Sector) values (80, 'Ernser Inc', 'Education');


insert into AcquisitionTarget (targetID, StartupID, acqID, status, interested, DateIdentified) values (1, 17, 17, 'approved', false, '11/4/2022');
insert into AcquisitionTarget (targetID, StartupID, acqID, status, interested, DateIdentified) values (2, 78, 15, 'pending', true, '2/10/2023');
insert into AcquisitionTarget (targetID, StartupID, acqID, status, interested, DateIdentified) values (3, 43, 78, 'under evaluation', true, '6/20/2023');
insert into AcquisitionTarget (targetID, StartupID, acqID, status, interested, DateIdentified) values (4, 10, 79, 'approved', false, '2/5/2024');
insert into AcquisitionTarget (targetID, StartupID, acqID, status, interested, DateIdentified) values (5, 16, 39, 'pending', false, '6/26/2020');
insert into AcquisitionTarget (targetID, StartupID, acqID, status, interested, DateIdentified) values (6, 80, 21, 'pending', false, '1/24/2022');
insert into AcquisitionTarget (targetID, StartupID, acqID, status, interested, DateIdentified) values (7, 66, 5 , 'under evaluation', true, '10/1/2023');
insert into AcquisitionTarget (targetID, StartupID, acqID, status, interested, DateIdentified) values (8, 65, 25, 'pending', false, '8/25/2022');
insert into AcquisitionTarget (targetID, StartupID, acqID, status, interested, DateIdentified) values (9, 11, 14, 'rejected', false, '10/8/2023');
insert into AcquisitionTarget (targetID, StartupID, acqID, status, interested, DateIdentified) values (10, 13, 53, 'under evaluation', false, '11/2/2020');
insert into AcquisitionTarget (targetID, StartupID, acqID, status, interested, DateIdentified) values (11, 45, 72, 'under evaluation', false, '6/20/2020');
insert into AcquisitionTarget (targetID, StartupID, acqID, status, interested, DateIdentified) values (12, 12, 9 , 'pending', false, '12/18/2021');
insert into AcquisitionTarget (targetID, StartupID, acqID, status, interested, DateIdentified) values (13, 31, 34, 'approved', true, '1/16/2023');
insert into AcquisitionTarget (targetID, StartupID, acqID, status, interested, DateIdentified) values (14, 56, 66, 'under evaluation', false, '2/28/2022');
insert into AcquisitionTarget (targetID, StartupID, acqID, status, interested, DateIdentified) values (15, 9 , 40, 'approved', true, '3/16/2022');
insert into AcquisitionTarget (targetID, StartupID, acqID, status, interested, DateIdentified) values (16, 37, 18, 'approved', true, '10/25/2020');
insert into AcquisitionTarget (targetID, StartupID, acqID, status, interested, DateIdentified) values (17, 47, 38, 'under evaluation', false, '1/19/2020');
insert into AcquisitionTarget (targetID, StartupID, acqID, status, interested, DateIdentified) values (18, 7 , 11, 'rejected', true, '10/27/2023');
insert into AcquisitionTarget (targetID, StartupID, acqID, status, interested, DateIdentified) values (19, 44, 63, 'under evaluation', false, '3/22/2020');
insert into AcquisitionTarget (targetID, StartupID, acqID, status, interested, DateIdentified) values (20, 41, 75, 'approved', false, '10/25/2023');
insert into AcquisitionTarget (targetID, StartupID, acqID, status, interested, DateIdentified) values (21, 3 , 35, 'under evaluation', true, '6/6/2021');
insert into AcquisitionTarget (targetID, StartupID, acqID, status, interested, DateIdentified) values (22, 32, 48, 'under evaluation', false, '2/19/2022');
insert into AcquisitionTarget (targetID, StartupID, acqID, status, interested, DateIdentified) values (23, 74, 8 , 'pending', false, '9/20/2023');
insert into AcquisitionTarget (targetID, StartupID, acqID, status, interested, DateIdentified) values (24, 19, 50, 'approved', false, '11/17/2022');
insert into AcquisitionTarget (targetID, StartupID, acqID, status, interested, DateIdentified) values (25, 64, 57, 'pending', false, '5/3/2023');
insert into AcquisitionTarget (targetID, StartupID, acqID, status, interested, DateIdentified) values (26, 71, 7 , 'approved', false, '7/8/2022');
insert into AcquisitionTarget (targetID, StartupID, acqID, status, interested, DateIdentified) values (27, 2 , 51, 'rejected', false, '12/3/2021');
insert into AcquisitionTarget (targetID, StartupID, acqID, status, interested, DateIdentified) values (28, 68, 59, 'under evaluation', false, '10/10/2023');
insert into AcquisitionTarget (targetID, StartupID, acqID, status, interested, DateIdentified) values (29, 39, 70, 'rejected', true, '5/20/2023');
insert into AcquisitionTarget (targetID, StartupID, acqID, status, interested, DateIdentified) values (30, 14, 80, 'rejected', true, '10/5/2021');
insert into AcquisitionTarget (targetID, StartupID, acqID, status, interested, DateIdentified) values (31, 54, 20, 'under evaluation', true, '5/27/2020');
insert into AcquisitionTarget (targetID, StartupID, acqID, status, interested, DateIdentified) values (32, 8 , 61, 'approved', true, '5/28/2022');
insert into AcquisitionTarget (targetID, StartupID, acqID, status, interested, DateIdentified) values (33, 30, 19, 'approved', false, '12/5/2021');
insert into AcquisitionTarget (targetID, StartupID, acqID, status, interested, DateIdentified) values (34, 46, 49, 'rejected', false, '6/13/2022');
insert into AcquisitionTarget (targetID, StartupID, acqID, status, interested, DateIdentified) values (35, 5 , 58, 'under evaluation', false, '4/11/2020');
insert into AcquisitionTarget (targetID, StartupID, acqID, status, interested, DateIdentified) values (36, 4 , 28, 'rejected', true, '11/1/2020');
insert into AcquisitionTarget (targetID, StartupID, acqID, status, interested, DateIdentified) values (37, 79, 32, 'approved', false, '4/3/2024');
insert into AcquisitionTarget (targetID, StartupID, acqID, status, interested, DateIdentified) values (38, 61, 71, 'rejected', false, '11/9/2022');
insert into AcquisitionTarget (targetID, StartupID, acqID, status, interested, DateIdentified) values (39, 73, 3 , 'under evaluation', false, '7/30/2020');
insert into AcquisitionTarget (targetID, StartupID, acqID, status, interested, DateIdentified) values (40, 52, 16, 'under evaluation', false, '8/18/2021');
insert into AcquisitionTarget (targetID, StartupID, acqID, status, interested, DateIdentified) values (41, 25, 4 , 'approved', true, '3/26/2020');
insert into AcquisitionTarget (targetID, StartupID, acqID, status, interested, DateIdentified) values (42, 34, 12, 'approved', true, '12/21/2020');
insert into AcquisitionTarget (targetID, StartupID, acqID, status, interested, DateIdentified) values (43, 60, 77, 'rejected', true, '9/27/2021');
insert into AcquisitionTarget (targetID, StartupID, acqID, status, interested, DateIdentified) values (44, 23, 47, 'pending', false, '3/20/2022');
insert into AcquisitionTarget (targetID, StartupID, acqID, status, interested, DateIdentified) values (45, 38, 30, 'approved', true, '4/7/2020');
insert into AcquisitionTarget (targetID, StartupID, acqID, status, interested, DateIdentified) values (46, 48, 73, 'approved', true, '12/17/2021');
insert into AcquisitionTarget (targetID, StartupID, acqID, status, interested, DateIdentified) values (47, 26, 29, 'under evaluation', false, '11/2/2023');
insert into AcquisitionTarget (targetID, StartupID, acqID, status, interested, DateIdentified) values (48, 35, 64, 'pending', true, '10/5/2022');
insert into AcquisitionTarget (targetID, StartupID, acqID, status, interested, DateIdentified) values (49, 72, 33, 'under evaluation', false, '7/2/2023');
insert into AcquisitionTarget (targetID, StartupID, acqID, status, interested, DateIdentified) values (50, 40, 2 , 'approved', false, '11/14/2020');
insert into AcquisitionTarget (targetID, StartupID, acqID, status, interested, DateIdentified) values (51, 29, 56, 'approved', false, '7/8/2021');
insert into AcquisitionTarget (targetID, StartupID, acqID, status, interested, DateIdentified) values (52, 18, 68, 'pending', false, '7/16/2020');
insert into AcquisitionTarget (targetID, StartupID, acqID, status, interested, DateIdentified) values (53, 1 , 60, 'pending', false, '1/23/2022');
insert into AcquisitionTarget (targetID, StartupID, acqID, status, interested, DateIdentified) values (54, 28, 6 , 'rejected', true, '3/20/2021');
insert into AcquisitionTarget (targetID, StartupID, acqID, status, interested, DateIdentified) values (55, 70, 10, 'pending', false, '2/6/2022');
insert into AcquisitionTarget (targetID, StartupID, acqID, status, interested, DateIdentified) values (56, 63, 54, 'rejected', false, '3/24/2024');
insert into AcquisitionTarget (targetID, StartupID, acqID, status, interested, DateIdentified) values (57, 75, 46, 'approved', true, '2/12/2022');
insert into AcquisitionTarget (targetID, StartupID, acqID, status, interested, DateIdentified) values (58, 21, 13, 'approved', true, '4/3/2022');
insert into AcquisitionTarget (targetID, StartupID, acqID, status, interested, DateIdentified) values (59, 6 , 37, 'rejected', false, '11/25/2022');
insert into AcquisitionTarget (targetID, StartupID, acqID, status, interested, DateIdentified) values (60, 53, 41, 'under evaluation', false, '5/9/2021');
insert into AcquisitionTarget (targetID, StartupID, acqID, status, interested, DateIdentified) values (61, 42, 1 , 'under evaluation', true, '6/20/2022');
insert into AcquisitionTarget (targetID, StartupID, acqID, status, interested, DateIdentified) values (62, 24, 69, 'approved', true, '9/3/2023');
insert into AcquisitionTarget (targetID, StartupID, acqID, status, interested, DateIdentified) values (63, 57, 24, 'pending', true, '12/11/2022');
insert into AcquisitionTarget (targetID, StartupID, acqID, status, interested, DateIdentified) values (64, 27, 36, 'pending', false, '11/26/2023');
insert into AcquisitionTarget (targetID, StartupID, acqID, status, interested, DateIdentified) values (65, 49, 22, 'under evaluation', true, '9/17/2021');
insert into AcquisitionTarget (targetID, StartupID, acqID, status, interested, DateIdentified) values (66, 50, 76, 'pending', false, '11/7/2023');
insert into AcquisitionTarget (targetID, StartupID, acqID, status, interested, DateIdentified) values (67, 20, 74, 'under evaluation', false, '11/1/2022');
insert into AcquisitionTarget (targetID, StartupID, acqID, status, interested, DateIdentified) values (68, 62, 31, 'rejected', false, '6/24/2020');
insert into AcquisitionTarget (targetID, StartupID, acqID, status, interested, DateIdentified) values (69, 67, 27, 'approved', false, '8/1/2021');
insert into AcquisitionTarget (targetID, StartupID, acqID, status, interested, DateIdentified) values (70, 77, 67, 'under evaluation', false, '9/11/2021');
insert into AcquisitionTarget (targetID, StartupID, acqID, status, interested, DateIdentified) values (71, 22, 55, 'under evaluation', true, '1/2/2024');
insert into AcquisitionTarget (targetID, StartupID, acqID, status, interested, DateIdentified) values (72, 36, 52, 'under evaluation', true, '1/7/2022');
insert into AcquisitionTarget (targetID, StartupID, acqID, status, interested, DateIdentified) values (73, 33, 42, 'rejected', true, '2/15/2023');
insert into AcquisitionTarget (targetID, StartupID, acqID, status, interested, DateIdentified) values (74, 69, 45, 'approved', false, '5/16/2021');
insert into AcquisitionTarget (targetID, StartupID, acqID, status, interested, DateIdentified) values (75, 51, 62, 'rejected', false, '7/9/2020');
insert into AcquisitionTarget (targetID, StartupID, acqID, status, interested, DateIdentified) values (76, 15, 26, 'rejected', true, '6/6/2020');
insert into AcquisitionTarget (targetID, StartupID, acqID, status, interested, DateIdentified) values (77, 55, 65, 'rejected', true, '11/18/2020');
insert into AcquisitionTarget (targetID, StartupID, acqID, status, interested, DateIdentified) values (78, 59, 23, 'pending', true, '1/2/2024');
insert into AcquisitionTarget (targetID, StartupID, acqID, status, interested, DateIdentified) values (79, 58, 43, 'rejected', true, '11/16/2023');
insert into AcquisitionTarget (targetID, StartupID, acqID, status, interested, DateIdentified) values (80, 76, 44, 'approved', false, '3/17/2021');

insert into Document (docID, StartupID, documentType, fileSize, pageCount, wordCount, characterCount) values (1, 75, 'contract', 70175, 3, 2900, 4469);
insert into Document (docID, StartupID, documentType, fileSize, pageCount, wordCount, characterCount) values (2, 47, 'contract', 19146, 29, 3511, 6973);
insert into Document (docID, StartupID, documentType, fileSize, pageCount, wordCount, characterCount) values (3, 6 , 'contract', 41069, 87, 204, 6044);
insert into Document (docID, StartupID, documentType, fileSize, pageCount, wordCount, characterCount) values (4, 12, 'report', 32675, 55, 1882, 315);
insert into Document (docID, StartupID, documentType, fileSize, pageCount, wordCount, characterCount) values (5, 24, 'invoice', 71882, 7, 188, 7501);
insert into Document (docID, StartupID, documentType, fileSize, pageCount, wordCount, characterCount) values (6, 3 , 'report', 16485, 96, 2551, 9513);
insert into Document (docID, StartupID, documentType, fileSize, pageCount, wordCount, characterCount) values (7, 9 , 'report', 49013, 83, 205, 5434);
insert into Document (docID, StartupID, documentType, fileSize, pageCount, wordCount, characterCount) values (8, 11, 'invoice', 90516, 74, 3917, 7309);
insert into Document (docID, StartupID, documentType, fileSize, pageCount, wordCount, characterCount) values (9, 77, 'report', 19485, 96, 310, 9396);
insert into Document (docID, StartupID, documentType, fileSize, pageCount, wordCount, characterCount) values (10, 41, 'invoice', 65402, 51, 2201, 8956);
insert into Document (docID, StartupID, documentType, fileSize, pageCount, wordCount, characterCount) values (11, 74, 'report', 20113, 14, 2248, 4952);
insert into Document (docID, StartupID, documentType, fileSize, pageCount, wordCount, characterCount) values (12, 64, 'report', 7303, 8, 3377, 635);
insert into Document (docID, StartupID, documentType, fileSize, pageCount, wordCount, characterCount) values (13, 18, 'invoice', 5806, 78, 1128, 2424);
insert into Document (docID, StartupID, documentType, fileSize, pageCount, wordCount, characterCount) values (14, 31, 'contract', 45800, 79, 1045, 4308);
insert into Document (docID, StartupID, documentType, fileSize, pageCount, wordCount, characterCount) values (15, 4 , 'report', 26142, 93, 3898, 3053);
insert into Document (docID, StartupID, documentType, fileSize, pageCount, wordCount, characterCount) values (16, 8 , 'report', 56035, 17, 4214, 4161);
insert into Document (docID, StartupID, documentType, fileSize, pageCount, wordCount, characterCount) values (17, 66, 'report', 46157, 81, 4775, 178);
insert into Document (docID, StartupID, documentType, fileSize, pageCount, wordCount, characterCount) values (18, 1 , 'invoice', 8570, 73, 3374, 7911);
insert into Document (docID, StartupID, documentType, fileSize, pageCount, wordCount, characterCount) values (19, 59, 'invoice', 83214, 84, 47, 425);
insert into Document (docID, StartupID, documentType, fileSize, pageCount, wordCount, characterCount) values (20, 30, 'invoice', 98201, 34, 4813, 8778);
insert into Document (docID, StartupID, documentType, fileSize, pageCount, wordCount, characterCount) values (21, 78, 'research', 15082, 56, 106, 9588);
insert into Document (docID, StartupID, documentType, fileSize, pageCount, wordCount, characterCount) values (22, 26, 'report', 12352, 76, 4772, 4022);
insert into Document (docID, StartupID, documentType, fileSize, pageCount, wordCount, characterCount) values (23, 35, 'research', 49090, 44, 2676, 7896);
insert into Document (docID, StartupID, documentType, fileSize, pageCount, wordCount, characterCount) values (24, 53, 'invoice', 43084, 19, 2079, 5613);
insert into Document (docID, StartupID, documentType, fileSize, pageCount, wordCount, characterCount) values (25, 2 , 'research', 32858, 99, 4091, 7213);
insert into Document (docID, StartupID, documentType, fileSize, pageCount, wordCount, characterCount) values (26, 19, 'invoice', 4977, 7, 3479, 6050);
insert into Document (docID, StartupID, documentType, fileSize, pageCount, wordCount, characterCount) values (27, 44, 'contract', 29156, 21, 540, 3619);
insert into Document (docID, StartupID, documentType, fileSize, pageCount, wordCount, characterCount) values (28, 42, 'contract', 89639, 1, 1063, 712);
insert into Document (docID, StartupID, documentType, fileSize, pageCount, wordCount, characterCount) values (29, 52, 'report', 78767, 26, 642, 9146);
insert into Document (docID, StartupID, documentType, fileSize, pageCount, wordCount, characterCount) values (30, 25, 'contract', 25558, 81, 2755, 4457);
insert into Document (docID, StartupID, documentType, fileSize, pageCount, wordCount, characterCount) values (31, 34, 'contract', 45648, 92, 1670, 1856);
insert into Document (docID, StartupID, documentType, fileSize, pageCount, wordCount, characterCount) values (32, 62, 'contract', 27087, 21, 307, 6646);
insert into Document (docID, StartupID, documentType, fileSize, pageCount, wordCount, characterCount) values (33, 28, 'research', 22265, 23, 4215, 7238);
insert into Document (docID, StartupID, documentType, fileSize, pageCount, wordCount, characterCount) values (34, 23, 'research', 56706, 50, 2431, 4272);
insert into Document (docID, StartupID, documentType, fileSize, pageCount, wordCount, characterCount) values (35, 37, 'contract', 6923, 70, 2968, 8490);
insert into Document (docID, StartupID, documentType, fileSize, pageCount, wordCount, characterCount) values (36, 50, 'invoice', 75424, 60, 4618, 8907);
insert into Document (docID, StartupID, documentType, fileSize, pageCount, wordCount, characterCount) values (37, 20, 'report', 52045, 30, 3818, 483);
insert into Document (docID, StartupID, documentType, fileSize, pageCount, wordCount, characterCount) values (38, 70, 'invoice', 28910, 40, 3518, 7260);
insert into Document (docID, StartupID, documentType, fileSize, pageCount, wordCount, characterCount) values (39, 79, 'invoice', 64358, 44, 3922, 8288);
insert into Document (docID, StartupID, documentType, fileSize, pageCount, wordCount, characterCount) values (40, 72, 'research', 2222, 12, 2515, 1879);
insert into Document (docID, StartupID, documentType, fileSize, pageCount, wordCount, characterCount) values (41, 36, 'invoice', 44705, 75, 815, 3851);
insert into Document (docID, StartupID, documentType, fileSize, pageCount, wordCount, characterCount) values (42, 33, 'report', 30168, 29, 1589, 4536);
insert into Document (docID, StartupID, documentType, fileSize, pageCount, wordCount, characterCount) values (43, 22, 'contract', 17174, 3, 1470, 7394);
insert into Document (docID, StartupID, documentType, fileSize, pageCount, wordCount, characterCount) values (44, 46, 'contract', 82788, 39, 3149, 6800);
insert into Document (docID, StartupID, documentType, fileSize, pageCount, wordCount, characterCount) values (45, 32, 'research', 84828, 50, 1761, 4240);
insert into Document (docID, StartupID, documentType, fileSize, pageCount, wordCount, characterCount) values (46, 43, 'report', 70530, 9, 4761, 2917);
insert into Document (docID, StartupID, documentType, fileSize, pageCount, wordCount, characterCount) values (47, 21, 'contract', 35398, 78, 105, 7251);
insert into Document (docID, StartupID, documentType, fileSize, pageCount, wordCount, characterCount) values (48, 80, 'research', 43752, 54, 469, 6554);
insert into Document (docID, StartupID, documentType, fileSize, pageCount, wordCount, characterCount) values (49, 65, 'report', 51169, 76, 2539, 7378);
insert into Document (docID, StartupID, documentType, fileSize, pageCount, wordCount, characterCount) values (50, 14, 'invoice', 50299, 86, 4244, 9205);
insert into Document (docID, StartupID, documentType, fileSize, pageCount, wordCount, characterCount) values (51, 63, 'research', 40384, 91, 4219, 5424);
insert into Document (docID, StartupID, documentType, fileSize, pageCount, wordCount, characterCount) values (52, 16, 'report', 72260, 23, 2890, 1024);
insert into Document (docID, StartupID, documentType, fileSize, pageCount, wordCount, characterCount) values (53, 57, 'invoice', 1517, 100, 1218, 9220);
insert into Document (docID, StartupID, documentType, fileSize, pageCount, wordCount, characterCount) values (54, 58, 'contract', 68087, 100, 4755, 4832);
insert into Document (docID, StartupID, documentType, fileSize, pageCount, wordCount, characterCount) values (55, 40, 'contract', 88151, 98, 3723, 1614);
insert into Document (docID, StartupID, documentType, fileSize, pageCount, wordCount, characterCount) values (56, 61, 'report', 70571, 78, 648, 646);
insert into Document (docID, StartupID, documentType, fileSize, pageCount, wordCount, characterCount) values (57, 27, 'invoice', 69884, 100, 4354, 7303);
insert into Document (docID, StartupID, documentType, fileSize, pageCount, wordCount, characterCount) values (58, 15, 'research', 35260, 31, 3525, 1966);
insert into Document (docID, StartupID, documentType, fileSize, pageCount, wordCount, characterCount) values (59, 39, 'research', 27374, 99, 1665, 2830);
insert into Document (docID, StartupID, documentType, fileSize, pageCount, wordCount, characterCount) values (60, 38, 'invoice', 70786, 31, 940, 8569);
insert into Document (docID, StartupID, documentType, fileSize, pageCount, wordCount, characterCount) values (61, 48, 'research', 31763, 37, 4296, 3299);
insert into Document (docID, StartupID, documentType, fileSize, pageCount, wordCount, characterCount) values (62, 60, 'invoice', 32578, 22, 4839, 9864);
insert into Document (docID, StartupID, documentType, fileSize, pageCount, wordCount, characterCount) values (63, 73, 'contract', 15264, 33, 4836, 2823);
insert into Document (docID, StartupID, documentType, fileSize, pageCount, wordCount, characterCount) values (64, 5 , 'report', 8745, 31, 3232, 7731);
insert into Document (docID, StartupID, documentType, fileSize, pageCount, wordCount, characterCount) values (65, 29, 'research', 8104, 6, 1085, 7636);
insert into Document (docID, StartupID, documentType, fileSize, pageCount, wordCount, characterCount) values (66, 7 , 'invoice', 22379, 91, 2669, 4644);
insert into Document (docID, StartupID, documentType, fileSize, pageCount, wordCount, characterCount) values (67, 17, 'research', 4216, 1, 541, 6825);
insert into Document (docID, StartupID, documentType, fileSize, pageCount, wordCount, characterCount) values (68, 55, 'contract', 83157, 63, 3004, 9624);
insert into Document (docID, StartupID, documentType, fileSize, pageCount, wordCount, characterCount) values (69, 45, 'contract', 12196, 67, 2853, 4199);
insert into Document (docID, StartupID, documentType, fileSize, pageCount, wordCount, characterCount) values (70, 71, 'research', 10129, 18, 161, 8577);
insert into Document (docID, StartupID, documentType, fileSize, pageCount, wordCount, characterCount) values (71, 56, 'invoice', 30620, 74, 3734, 9606);
insert into Document (docID, StartupID, documentType, fileSize, pageCount, wordCount, characterCount) values (72, 54, 'research', 95795, 40, 2117, 4412);
insert into Document (docID, StartupID, documentType, fileSize, pageCount, wordCount, characterCount) values (73, 76, 'report', 67595, 43, 2145, 5209);
insert into Document (docID, StartupID, documentType, fileSize, pageCount, wordCount, characterCount) values (74, 51, 'research', 8613, 27, 1957, 484);
insert into Document (docID, StartupID, documentType, fileSize, pageCount, wordCount, characterCount) values (75, 10, 'report', 74752, 88, 3341, 8283);
insert into Document (docID, StartupID, documentType, fileSize, pageCount, wordCount, characterCount) values (76, 49, 'report', 58240, 16, 2818, 387);
insert into Document (docID, StartupID, documentType, fileSize, pageCount, wordCount, characterCount) values (77, 69, 'contract', 73306, 89, 1544, 9634);
insert into Document (docID, StartupID, documentType, fileSize, pageCount, wordCount, characterCount) values (78, 13, 'contract', 80847, 93, 3191, 8283);
insert into Document (docID, StartupID, documentType, fileSize, pageCount, wordCount, characterCount) values (79, 68, 'research', 92864, 28, 1439, 8810);
insert into Document (docID, StartupID, documentType, fileSize, pageCount, wordCount, characterCount) values (80, 67, 'contract', 51471, 26, 4947, 7116);

insert into FinancialMetrics (MetricID, StartupID, MetricTitle, MetricValue) values (1, 15, 'return on assets', 2123.39);
insert into FinancialMetrics (MetricID, StartupID, MetricTitle, MetricValue) values (2, 68, 'debt-to-equity ratio', 1671.89);
insert into FinancialMetrics (MetricID, StartupID, MetricTitle, MetricValue) values (3, 43, 'return on assets', 6203.9);
insert into FinancialMetrics (MetricID, StartupID, MetricTitle, MetricValue) values (4, 32, 'profit margin', 9426.39);
insert into FinancialMetrics (MetricID, StartupID, MetricTitle, MetricValue) values (5, 2 , 'return on assets', 2604.97);
insert into FinancialMetrics (MetricID, StartupID, MetricTitle, MetricValue) values (6, 17, 'debt-to-equity ratio', 5741.37);
insert into FinancialMetrics (MetricID, StartupID, MetricTitle, MetricValue) values (7, 30, 'return on assets', 4954.16);
insert into FinancialMetrics (MetricID, StartupID, MetricTitle, MetricValue) values (8, 16, 'earnings per share', 7774.75);
insert into FinancialMetrics (MetricID, StartupID, MetricTitle, MetricValue) values (9, 9 , 'earnings per share', 4944.58);
insert into FinancialMetrics (MetricID, StartupID, MetricTitle, MetricValue) values (10, 34, 'earnings per share', 4142.69);
insert into FinancialMetrics (MetricID, StartupID, MetricTitle, MetricValue) values (11, 80, 'profit margin', 2058.2);
insert into FinancialMetrics (MetricID, StartupID, MetricTitle, MetricValue) values (12, 53, 'earnings per share', 3389.25);
insert into FinancialMetrics (MetricID, StartupID, MetricTitle, MetricValue) values (13, 66, 'earnings per share', 3095.31);
insert into FinancialMetrics (MetricID, StartupID, MetricTitle, MetricValue) values (14, 71, 'return on assets', 4415.38);
insert into FinancialMetrics (MetricID, StartupID, MetricTitle, MetricValue) values (15, 45, 'return on assets', 1256.42);
insert into FinancialMetrics (MetricID, StartupID, MetricTitle, MetricValue) values (16, 64, 'earnings per share', 2013.18);
insert into FinancialMetrics (MetricID, StartupID, MetricTitle, MetricValue) values (17, 75, 'earnings per share', 3271.49);
insert into FinancialMetrics (MetricID, StartupID, MetricTitle, MetricValue) values (18, 8 , 'debt-to-equity ratio', 9342.77);
insert into FinancialMetrics (MetricID, StartupID, MetricTitle, MetricValue) values (19, 25, 'debt-to-equity ratio', 8248.2);
insert into FinancialMetrics (MetricID, StartupID, MetricTitle, MetricValue) values (20, 72, 'earnings per share', 1925.17);
insert into FinancialMetrics (MetricID, StartupID, MetricTitle, MetricValue) values (21, 21, 'profit margin', 3409.43);
insert into FinancialMetrics (MetricID, StartupID, MetricTitle, MetricValue) values (22, 62, 'debt-to-equity ratio', 2625.62);
insert into FinancialMetrics (MetricID, StartupID, MetricTitle, MetricValue) values (23, 44, 'profit margin', 7602.47);
insert into FinancialMetrics (MetricID, StartupID, MetricTitle, MetricValue) values (24, 33, 'return on assets', 816.75);
insert into FinancialMetrics (MetricID, StartupID, MetricTitle, MetricValue) values (25, 46, 'return on assets', 5571.18);
insert into FinancialMetrics (MetricID, StartupID, MetricTitle, MetricValue) values (26, 41, 'debt-to-equity ratio', 6762.17);
insert into FinancialMetrics (MetricID, StartupID, MetricTitle, MetricValue) values (27, 20, 'debt-to-equity ratio', 5789.28);
insert into FinancialMetrics (MetricID, StartupID, MetricTitle, MetricValue) values (28, 56, 'return on assets', 1758.3);
insert into FinancialMetrics (MetricID, StartupID, MetricTitle, MetricValue) values (29, 35, 'earnings per share', 3635.58);
insert into FinancialMetrics (MetricID, StartupID, MetricTitle, MetricValue) values (30, 67, 'debt-to-equity ratio', 7350.4);
insert into FinancialMetrics (MetricID, StartupID, MetricTitle, MetricValue) values (31, 65, 'return on assets', 6563.99);
insert into FinancialMetrics (MetricID, StartupID, MetricTitle, MetricValue) values (32, 3 , 'return on assets', 6816.0);
insert into FinancialMetrics (MetricID, StartupID, MetricTitle, MetricValue) values (33, 31, 'return on assets', 8542.9);
insert into FinancialMetrics (MetricID, StartupID, MetricTitle, MetricValue) values (34, 29, 'earnings per share', 1932.27);
insert into FinancialMetrics (MetricID, StartupID, MetricTitle, MetricValue) values (35, 57, 'return on assets', 689.1);
insert into FinancialMetrics (MetricID, StartupID, MetricTitle, MetricValue) values (36, 28, 'return on assets', 3506.55);
insert into FinancialMetrics (MetricID, StartupID, MetricTitle, MetricValue) values (37, 19, 'profit margin', 9163.25);
insert into FinancialMetrics (MetricID, StartupID, MetricTitle, MetricValue) values (38, 36, 'debt-to-equity ratio', 5730.25);
insert into FinancialMetrics (MetricID, StartupID, MetricTitle, MetricValue) values (39, 13, 'debt-to-equity ratio', 5438.77);
insert into FinancialMetrics (MetricID, StartupID, MetricTitle, MetricValue) values (40, 27, 'earnings per share', 3127.99);
insert into FinancialMetrics (MetricID, StartupID, MetricTitle, MetricValue) values (41, 61, 'debt-to-equity ratio', 564.6);
insert into FinancialMetrics (MetricID, StartupID, MetricTitle, MetricValue) values (42, 11, 'earnings per share', 5885.21);
insert into FinancialMetrics (MetricID, StartupID, MetricTitle, MetricValue) values (43, 38, 'debt-to-equity ratio', 1611.25);
insert into FinancialMetrics (MetricID, StartupID, MetricTitle, MetricValue) values (44, 39, 'debt-to-equity ratio', 9243.5);
insert into FinancialMetrics (MetricID, StartupID, MetricTitle, MetricValue) values (45, 78, 'profit margin', 9487.09);
insert into FinancialMetrics (MetricID, StartupID, MetricTitle, MetricValue) values (46, 74, 'return on assets', 7303.72);
insert into FinancialMetrics (MetricID, StartupID, MetricTitle, MetricValue) values (47, 47, 'return on assets', 8507.19);
insert into FinancialMetrics (MetricID, StartupID, MetricTitle, MetricValue) values (48, 69, 'return on assets', 7848.48);
insert into FinancialMetrics (MetricID, StartupID, MetricTitle, MetricValue) values (49, 6 , 'profit margin', 2513.78);
insert into FinancialMetrics (MetricID, StartupID, MetricTitle, MetricValue) values (50, 14, 'profit margin', 2991.14);
insert into FinancialMetrics (MetricID, StartupID, MetricTitle, MetricValue) values (51, 24, 'debt-to-equity ratio', 1485.98);
insert into FinancialMetrics (MetricID, StartupID, MetricTitle, MetricValue) values (52, 23, 'profit margin', 5439.6);
insert into FinancialMetrics (MetricID, StartupID, MetricTitle, MetricValue) values (53, 49, 'earnings per share', 9881.49);
insert into FinancialMetrics (MetricID, StartupID, MetricTitle, MetricValue) values (54, 73, 'earnings per share', 4363.37);
insert into FinancialMetrics (MetricID, StartupID, MetricTitle, MetricValue) values (55, 51, 'debt-to-equity ratio', 1394.16);
insert into FinancialMetrics (MetricID, StartupID, MetricTitle, MetricValue) values (56, 42, 'return on assets', 7268.94);
insert into FinancialMetrics (MetricID, StartupID, MetricTitle, MetricValue) values (57, 70, 'return on assets', 9880.09);
insert into FinancialMetrics (MetricID, StartupID, MetricTitle, MetricValue) values (58, 50, 'earnings per share', 9943.42);
insert into FinancialMetrics (MetricID, StartupID, MetricTitle, MetricValue) values (59, 4 , 'debt-to-equity ratio', 1926.7);
insert into FinancialMetrics (MetricID, StartupID, MetricTitle, MetricValue) values (60, 58, 'return on assets', 5955.15);
insert into FinancialMetrics (MetricID, StartupID, MetricTitle, MetricValue) values (61, 60, 'profit margin', 2497.9);
insert into FinancialMetrics (MetricID, StartupID, MetricTitle, MetricValue) values (62, 26, 'debt-to-equity ratio', 8545.05);
insert into FinancialMetrics (MetricID, StartupID, MetricTitle, MetricValue) values (63, 37, 'profit margin', 9055.84);
insert into FinancialMetrics (MetricID, StartupID, MetricTitle, MetricValue) values (64, 79, 'debt-to-equity ratio', 654.21);
insert into FinancialMetrics (MetricID, StartupID, MetricTitle, MetricValue) values (65, 10, 'profit margin', 8461.56);
insert into FinancialMetrics (MetricID, StartupID, MetricTitle, MetricValue) values (66, 54, 'debt-to-equity ratio', 1421.73);
insert into FinancialMetrics (MetricID, StartupID, MetricTitle, MetricValue) values (67, 52, 'return on assets', 8517.76);
insert into FinancialMetrics (MetricID, StartupID, MetricTitle, MetricValue) values (68, 55, 'debt-to-equity ratio', 3664.31);
insert into FinancialMetrics (MetricID, StartupID, MetricTitle, MetricValue) values (69, 76, 'debt-to-equity ratio', 8694.19);
insert into FinancialMetrics (MetricID, StartupID, MetricTitle, MetricValue) values (70, 1 , 'debt-to-equity ratio', 1575.95);
insert into FinancialMetrics (MetricID, StartupID, MetricTitle, MetricValue) values (71, 48, 'profit margin', 4605.95);
insert into FinancialMetrics (MetricID, StartupID, MetricTitle, MetricValue) values (72, 5 , 'return on assets', 5555.09);
insert into FinancialMetrics (MetricID, StartupID, MetricTitle, MetricValue) values (73, 18, 'return on assets', 6322.44);
insert into FinancialMetrics (MetricID, StartupID, MetricTitle, MetricValue) values (74, 12, 'return on assets', 2620.5);
insert into FinancialMetrics (MetricID, StartupID, MetricTitle, MetricValue) values (75, 77, 'earnings per share', 4804.16);
insert into FinancialMetrics (MetricID, StartupID, MetricTitle, MetricValue) values (76, 63, 'return on assets', 6972.17);
insert into FinancialMetrics (MetricID, StartupID, MetricTitle, MetricValue) values (77, 40, 'return on assets', 5124.11);
insert into FinancialMetrics (MetricID, StartupID, MetricTitle, MetricValue) values (78, 7 , 'earnings per share', 8378.93);
insert into FinancialMetrics (MetricID, StartupID, MetricTitle, MetricValue) values (79, 59, 'profit margin', 7978.99);
insert into FinancialMetrics (MetricID, StartupID, MetricTitle, MetricValue) values (80, 22, 'return on assets', 6193.9);

insert into FollowedDeals (followedID, FollowerCount, OppID) values (1, 415, 29);
insert into FollowedDeals (followedID, FollowerCount, OppID) values (2, 24, 65);
insert into FollowedDeals (followedID, FollowerCount, OppID) values (3, 796, 68);
insert into FollowedDeals (followedID, FollowerCount, OppID) values (4, 231, 40);
insert into FollowedDeals (followedID, FollowerCount, OppID) values (5, 757, 13);
insert into FollowedDeals (followedID, FollowerCount, OppID) values (6, 867, 17);
insert into FollowedDeals (followedID, FollowerCount, OppID) values (7, 746, 5);
insert into FollowedDeals (followedID, FollowerCount, OppID) values (8, 231, 30);
insert into FollowedDeals (followedID, FollowerCount, OppID) values (9, 833, 35);
insert into FollowedDeals (followedID, FollowerCount, OppID) values (10, 802, 11);
insert into FollowedDeals (followedID, FollowerCount, OppID) values (11, 199, 64);
insert into FollowedDeals (followedID, FollowerCount, OppID) values (12, 902, 72);
insert into FollowedDeals (followedID, FollowerCount, OppID) values (13, 777, 15);
insert into FollowedDeals (followedID, FollowerCount, OppID) values (14, 391, 45);
insert into FollowedDeals (followedID, FollowerCount, OppID) values (15, 3, 28);
insert into FollowedDeals (followedID, FollowerCount, OppID) values (16, 863, 61);
insert into FollowedDeals (followedID, FollowerCount, OppID) values (17, 268, 23);
insert into FollowedDeals (followedID, FollowerCount, OppID) values (18, 19, 66);
insert into FollowedDeals (followedID, FollowerCount, OppID) values (19, 243, 10);
insert into FollowedDeals (followedID, FollowerCount, OppID) values (20, 497, 34);
insert into FollowedDeals (followedID, FollowerCount, OppID) values (21, 326, 55);
insert into FollowedDeals (followedID, FollowerCount, OppID) values (22, 94, 78);
insert into FollowedDeals (followedID, FollowerCount, OppID) values (23, 782, 69);
insert into FollowedDeals (followedID, FollowerCount, OppID) values (24, 107, 54);
insert into FollowedDeals (followedID, FollowerCount, OppID) values (25, 760, 46);
insert into FollowedDeals (followedID, FollowerCount, OppID) values (26, 735, 76);
insert into FollowedDeals (followedID, FollowerCount, OppID) values (27, 632, 63);
insert into FollowedDeals (followedID, FollowerCount, OppID) values (28, 50, 52);
insert into FollowedDeals (followedID, FollowerCount, OppID) values (29, 839, 43);
insert into FollowedDeals (followedID, FollowerCount, OppID) values (30, 830, 77);
insert into FollowedDeals (followedID, FollowerCount, OppID) values (31, 903, 49);
insert into FollowedDeals (followedID, FollowerCount, OppID) values (32, 67, 80);
insert into FollowedDeals (followedID, FollowerCount, OppID) values (33, 59, 9);
insert into FollowedDeals (followedID, FollowerCount, OppID) values (34, 162, 73);
insert into FollowedDeals (followedID, FollowerCount, OppID) values (35, 19, 37);
insert into FollowedDeals (followedID, FollowerCount, OppID) values (36, 812, 56);
insert into FollowedDeals (followedID, FollowerCount, OppID) values (37, 752, 74);
insert into FollowedDeals (followedID, FollowerCount, OppID) values (38, 116, 67);
insert into FollowedDeals (followedID, FollowerCount, OppID) values (39, 16, 57);
insert into FollowedDeals (followedID, FollowerCount, OppID) values (40, 514, 25);
insert into FollowedDeals (followedID, FollowerCount, OppID) values (41, 882, 26);
insert into FollowedDeals (followedID, FollowerCount, OppID) values (42, 563, 48);
insert into FollowedDeals (followedID, FollowerCount, OppID) values (43, 895, 4);
insert into FollowedDeals (followedID, FollowerCount, OppID) values (44, 25, 59);
insert into FollowedDeals (followedID, FollowerCount, OppID) values (45, 231, 7);
insert into FollowedDeals (followedID, FollowerCount, OppID) values (46, 302, 14);
insert into FollowedDeals (followedID, FollowerCount, OppID) values (47, 753, 2);
insert into FollowedDeals (followedID, FollowerCount, OppID) values (48, 155, 22);
insert into FollowedDeals (followedID, FollowerCount, OppID) values (49, 111, 38);
insert into FollowedDeals (followedID, FollowerCount, OppID) values (50, 95, 62);
insert into FollowedDeals (followedID, FollowerCount, OppID) values (51, 74, 18);
insert into FollowedDeals (followedID, FollowerCount, OppID) values (52, 864, 8);
insert into FollowedDeals (followedID, FollowerCount, OppID) values (53, 111, 51);
insert into FollowedDeals (followedID, FollowerCount, OppID) values (54, 567, 21);
insert into FollowedDeals (followedID, FollowerCount, OppID) values (55, 271, 39);
insert into FollowedDeals (followedID, FollowerCount, OppID) values (56, 71, 58);
insert into FollowedDeals (followedID, FollowerCount, OppID) values (57, 205, 75);
insert into FollowedDeals (followedID, FollowerCount, OppID) values (58, 669, 50);
insert into FollowedDeals (followedID, FollowerCount, OppID) values (59, 540, 1);
insert into FollowedDeals (followedID, FollowerCount, OppID) values (60, 67, 79);
insert into FollowedDeals (followedID, FollowerCount, OppID) values (61, 617, 42);
insert into FollowedDeals (followedID, FollowerCount, OppID) values (62, 170, 36);
insert into FollowedDeals (followedID, FollowerCount, OppID) values (63, 422, 12);
insert into FollowedDeals (followedID, FollowerCount, OppID) values (64, 272, 60);
insert into FollowedDeals (followedID, FollowerCount, OppID) values (65, 734, 47);
insert into FollowedDeals (followedID, FollowerCount, OppID) values (66, 389, 19);
insert into FollowedDeals (followedID, FollowerCount, OppID) values (67, 961, 71);
insert into FollowedDeals (followedID, FollowerCount, OppID) values (68, 178, 27);
insert into FollowedDeals (followedID, FollowerCount, OppID) values (69, 87, 41);
insert into FollowedDeals (followedID, FollowerCount, OppID) values (70, 965, 32);
insert into FollowedDeals (followedID, FollowerCount, OppID) values (71, 713, 53);
insert into FollowedDeals (followedID, FollowerCount, OppID) values (72, 664, 33);
insert into FollowedDeals (followedID, FollowerCount, OppID) values (73, 130, 24);
insert into FollowedDeals (followedID, FollowerCount, OppID) values (74, 139, 20);
insert into FollowedDeals (followedID, FollowerCount, OppID) values (75, 655, 31);
insert into FollowedDeals (followedID, FollowerCount, OppID) values (76, 402, 44);
insert into FollowedDeals (followedID, FollowerCount, OppID) values (77, 828, 6);
insert into FollowedDeals (followedID, FollowerCount, OppID) values (78, 836, 3);
insert into FollowedDeals (followedID, FollowerCount, OppID) values (79, 943, 16);
insert into FollowedDeals (followedID, FollowerCount, OppID) values (80, 138, 70);

insert into Founder (FounderID, Name, PhoneNumber, NumberOfCompanies, CredibilityRanking) values (1, 'Jaime Doughill', '(491) 3559013', 3, 0.61);
insert into Founder (FounderID, Name, PhoneNumber, NumberOfCompanies, CredibilityRanking) values (2, 'Kary Delgardo', '(254) 6663035', 1, 5.36);
insert into Founder (FounderID, Name, PhoneNumber, NumberOfCompanies, CredibilityRanking) values (3, 'Leanora Gingold', '(152) 8357230', 0, 1.13);
insert into Founder (FounderID, Name, PhoneNumber, NumberOfCompanies, CredibilityRanking) values (4, 'Andee Stonehewer', '(789) 1352104', 3, 3.68);
insert into Founder (FounderID, Name, PhoneNumber, NumberOfCompanies, CredibilityRanking) values (5, 'Sonny Swetman', '(511) 1610747', 0, 0.1);
insert into Founder (FounderID, Name, PhoneNumber, NumberOfCompanies, CredibilityRanking) values (6, 'Zolly Edling', '(431) 9173065', 1, 0.3);
insert into Founder (FounderID, Name, PhoneNumber, NumberOfCompanies, CredibilityRanking) values (7, 'Chiarra Purton', '(394) 2438944', 3, 9.87);
insert into Founder (FounderID, Name, PhoneNumber, NumberOfCompanies, CredibilityRanking) values (8, 'Ivory McArt', '(442) 2820949', 4, 9.85);
insert into Founder (FounderID, Name, PhoneNumber, NumberOfCompanies, CredibilityRanking) values (9, 'Rosana Glanfield', '(521) 3262677', 5, 8.67);
insert into Founder (FounderID, Name, PhoneNumber, NumberOfCompanies, CredibilityRanking) values (10, 'Freddi Pattesall', '(943) 5669074', 2, 5.68);
insert into Founder (FounderID, Name, PhoneNumber, NumberOfCompanies, CredibilityRanking) values (11, 'Raleigh Clay', '(439) 6590431', 2, 2.32);
insert into Founder (FounderID, Name, PhoneNumber, NumberOfCompanies, CredibilityRanking) values (12, 'Anna-diane Haslock', '(875) 4895627', 5, 1.7);
insert into Founder (FounderID, Name, PhoneNumber, NumberOfCompanies, CredibilityRanking) values (13, 'Ive Fitzhenry', '(659) 6680284', 2, 5.3);
insert into Founder (FounderID, Name, PhoneNumber, NumberOfCompanies, CredibilityRanking) values (14, 'Cathyleen Lockhart', '(487) 1595253', 5, 4.45);
insert into Founder (FounderID, Name, PhoneNumber, NumberOfCompanies, CredibilityRanking) values (15, 'Arthur Dimitriev', '(337) 7359152', 1, 5.82);
insert into Founder (FounderID, Name, PhoneNumber, NumberOfCompanies, CredibilityRanking) values (16, 'Darell Bohl', '(932) 8958636', 4, 0.77);
insert into Founder (FounderID, Name, PhoneNumber, NumberOfCompanies, CredibilityRanking) values (17, 'Elna Piotr', '(912) 7185477', 5, 9.93);
insert into Founder (FounderID, Name, PhoneNumber, NumberOfCompanies, CredibilityRanking) values (18, 'Natalina Allmann', '(505) 6474092', 0, 0.15);
insert into Founder (FounderID, Name, PhoneNumber, NumberOfCompanies, CredibilityRanking) values (19, 'Turner Paik', '(893) 8591848', 4, 9.04);
insert into Founder (FounderID, Name, PhoneNumber, NumberOfCompanies, CredibilityRanking) values (20, 'Henryetta Jovicevic', '(571) 6255260', 1, 8.11);
insert into Founder (FounderID, Name, PhoneNumber, NumberOfCompanies, CredibilityRanking) values (21, 'Miltie Maywood', '(468) 1405836', 5, 8.21);
insert into Founder (FounderID, Name, PhoneNumber, NumberOfCompanies, CredibilityRanking) values (22, 'Guthrey Heathcoat', '(146) 1901261', 5, 3.97);
insert into Founder (FounderID, Name, PhoneNumber, NumberOfCompanies, CredibilityRanking) values (23, 'Olivette McWhan', '(418) 1461091', 4, 0.63);
insert into Founder (FounderID, Name, PhoneNumber, NumberOfCompanies, CredibilityRanking) values (24, 'Sharia Carnelley', '(844) 1368709', 0, 4.21);
insert into Founder (FounderID, Name, PhoneNumber, NumberOfCompanies, CredibilityRanking) values (25, 'Rosalinde Cabotto', '(181) 9999838', 2, 9.13);
insert into Founder (FounderID, Name, PhoneNumber, NumberOfCompanies, CredibilityRanking) values (26, 'Avivah Digan', '(188) 7949055', 1, 4.32);
insert into Founder (FounderID, Name, PhoneNumber, NumberOfCompanies, CredibilityRanking) values (27, 'Dara De Gregario', '(279) 5701515', 0, 5.8);
insert into Founder (FounderID, Name, PhoneNumber, NumberOfCompanies, CredibilityRanking) values (28, 'Vilhelmina Flemyng', '(779) 7755143', 4, 4.34);
insert into Founder (FounderID, Name, PhoneNumber, NumberOfCompanies, CredibilityRanking) values (29, 'Ervin Balffye', '(872) 2568266', 1, 4.93);
insert into Founder (FounderID, Name, PhoneNumber, NumberOfCompanies, CredibilityRanking) values (30, 'Damiano Slogrove', '(754) 3934092', 1, 1.72);
insert into Founder (FounderID, Name, PhoneNumber, NumberOfCompanies, CredibilityRanking) values (31, 'Danica Luckcock', '(889) 8536224', 4, 7.21);
insert into Founder (FounderID, Name, PhoneNumber, NumberOfCompanies, CredibilityRanking) values (32, 'Janet Lapworth', '(246) 2749190', 4, 6.96);
insert into Founder (FounderID, Name, PhoneNumber, NumberOfCompanies, CredibilityRanking) values (33, 'Olympia Harbottle', '(280) 5414605', 3, 9.16);
insert into Founder (FounderID, Name, PhoneNumber, NumberOfCompanies, CredibilityRanking) values (34, 'Kevon MacRitchie', '(596) 8990283', 3, 0.16);
insert into Founder (FounderID, Name, PhoneNumber, NumberOfCompanies, CredibilityRanking) values (35, 'Loree Hessle', '(460) 6808300', 5, 0.85);
insert into Founder (FounderID, Name, PhoneNumber, NumberOfCompanies, CredibilityRanking) values (36, 'Ryon Crickett', '(689) 2826373', 3, 0.38);
insert into Founder (FounderID, Name, PhoneNumber, NumberOfCompanies, CredibilityRanking) values (37, 'Rubi Spowart', '(324) 9857334', 0, 1.47);
insert into Founder (FounderID, Name, PhoneNumber, NumberOfCompanies, CredibilityRanking) values (38, 'Rani Stretton', '(360) 9945434', 5, 2.92);
insert into Founder (FounderID, Name, PhoneNumber, NumberOfCompanies, CredibilityRanking) values (39, 'Stormi Keune', '(282) 4598527', 4, 9.03);
insert into Founder (FounderID, Name, PhoneNumber, NumberOfCompanies, CredibilityRanking) values (40, 'Carine Sparry', '(726) 5842874', 4, 8.13);
insert into Founder (FounderID, Name, PhoneNumber, NumberOfCompanies, CredibilityRanking) values (41, 'Norry Shafto', '(800) 2999193', 5, 7.71);
insert into Founder (FounderID, Name, PhoneNumber, NumberOfCompanies, CredibilityRanking) values (42, 'Ewart Allenby', '(448) 1203504', 0, 6.4);
insert into Founder (FounderID, Name, PhoneNumber, NumberOfCompanies, CredibilityRanking) values (43, 'Curcio Rosenstengel', '(567) 6154451', 0, 5.65);
insert into Founder (FounderID, Name, PhoneNumber, NumberOfCompanies, CredibilityRanking) values (44, 'Gregorio Trusse', '(250) 7792835', 4, 6.09);
insert into Founder (FounderID, Name, PhoneNumber, NumberOfCompanies, CredibilityRanking) values (45, 'Maury Paudin', '(464) 5332791', 2, 7.57);
insert into Founder (FounderID, Name, PhoneNumber, NumberOfCompanies, CredibilityRanking) values (46, 'Ardyth Cuniffe', '(276) 3350870', 3, 3.1);
insert into Founder (FounderID, Name, PhoneNumber, NumberOfCompanies, CredibilityRanking) values (47, 'Dedra Skaife', '(764) 7016541', 5, 2.62);
insert into Founder (FounderID, Name, PhoneNumber, NumberOfCompanies, CredibilityRanking) values (48, 'Connor Fuller', '(162) 9629707', 4, 4.24);
insert into Founder (FounderID, Name, PhoneNumber, NumberOfCompanies, CredibilityRanking) values (49, 'Bone Dadson', '(483) 6788034', 5, 9.37);
insert into Founder (FounderID, Name, PhoneNumber, NumberOfCompanies, CredibilityRanking) values (50, 'Mal Bathersby', '(561) 2231137', 5, 5.26);
insert into Founder (FounderID, Name, PhoneNumber, NumberOfCompanies, CredibilityRanking) values (51, 'Reginald Josifovitz', '(816) 7842697', 0, 4.59);
insert into Founder (FounderID, Name, PhoneNumber, NumberOfCompanies, CredibilityRanking) values (52, 'Bette-ann Veryan', '(947) 1415440', 2, 9.55);
insert into Founder (FounderID, Name, PhoneNumber, NumberOfCompanies, CredibilityRanking) values (53, 'Chrysler Hek', '(619) 9957102', 1, 3.52);
insert into Founder (FounderID, Name, PhoneNumber, NumberOfCompanies, CredibilityRanking) values (54, 'Frederich Aldhous', '(440) 9411741', 3, 0.07);
insert into Founder (FounderID, Name, PhoneNumber, NumberOfCompanies, CredibilityRanking) values (55, 'Britt Davis', '(780) 8767919', 4, 0.66);
insert into Founder (FounderID, Name, PhoneNumber, NumberOfCompanies, CredibilityRanking) values (56, 'Gothart Ladbrook', '(188) 3798204', 3, 0.4);
insert into Founder (FounderID, Name, PhoneNumber, NumberOfCompanies, CredibilityRanking) values (57, 'Forster Arton', '(546) 6494612', 3, 1.48);
insert into Founder (FounderID, Name, PhoneNumber, NumberOfCompanies, CredibilityRanking) values (58, 'Christoph Mears', '(782) 2192128', 0, 1.93);
insert into Founder (FounderID, Name, PhoneNumber, NumberOfCompanies, CredibilityRanking) values (59, 'Antonietta Braxay', '(736) 7758568', 4, 8.04);
insert into Founder (FounderID, Name, PhoneNumber, NumberOfCompanies, CredibilityRanking) values (60, 'Maddy Tomik', '(128) 8110973', 5, 1.81);
insert into Founder (FounderID, Name, PhoneNumber, NumberOfCompanies, CredibilityRanking) values (61, 'Libbey Ducham', '(490) 6048892', 0, 4.22);
insert into Founder (FounderID, Name, PhoneNumber, NumberOfCompanies, CredibilityRanking) values (62, 'Andriette Behn', '(235) 3641820', 5, 8.71);
insert into Founder (FounderID, Name, PhoneNumber, NumberOfCompanies, CredibilityRanking) values (63, 'Bessy Mayston', '(193) 1862954', 2, 7.17);
insert into Founder (FounderID, Name, PhoneNumber, NumberOfCompanies, CredibilityRanking) values (64, 'Rosamond Barry', '(342) 8584601', 0, 7.46);
insert into Founder (FounderID, Name, PhoneNumber, NumberOfCompanies, CredibilityRanking) values (65, 'Giavani Bilt', '(609) 4941136', 0, 6.04);
insert into Founder (FounderID, Name, PhoneNumber, NumberOfCompanies, CredibilityRanking) values (66, 'Toby Mayoh', '(899) 4484417', 4, 1.37);
insert into Founder (FounderID, Name, PhoneNumber, NumberOfCompanies, CredibilityRanking) values (67, 'Christan Tomowicz', '(629) 4487877', 1, 1.4);
insert into Founder (FounderID, Name, PhoneNumber, NumberOfCompanies, CredibilityRanking) values (68, 'Lauri Sasser', '(166) 2468602', 3, 1.2);
insert into Founder (FounderID, Name, PhoneNumber, NumberOfCompanies, CredibilityRanking) values (69, 'Ana Pasquale', '(484) 5449660', 1, 6.75);
insert into Founder (FounderID, Name, PhoneNumber, NumberOfCompanies, CredibilityRanking) values (70, 'Yulma Duggon', '(404) 5890317', 0, 0.56);
insert into Founder (FounderID, Name, PhoneNumber, NumberOfCompanies, CredibilityRanking) values (71, 'Jeffrey Klainer', '(487) 3528264', 4, 5.58);
insert into Founder (FounderID, Name, PhoneNumber, NumberOfCompanies, CredibilityRanking) values (72, 'Kinna Pigott', '(856) 2415909', 5, 1.64);
insert into Founder (FounderID, Name, PhoneNumber, NumberOfCompanies, CredibilityRanking) values (73, 'Myrtia Pareman', '(404) 8128554', 5, 7.0);
insert into Founder (FounderID, Name, PhoneNumber, NumberOfCompanies, CredibilityRanking) values (74, 'Randolf Naisbit', '(351) 2061251', 1, 4.59);
insert into Founder (FounderID, Name, PhoneNumber, NumberOfCompanies, CredibilityRanking) values (75, 'Magda Leversuch', '(428) 8498065', 2, 5.79);
insert into Founder (FounderID, Name, PhoneNumber, NumberOfCompanies, CredibilityRanking) values (76, 'Gypsy Cathee', '(343) 8850212', 0, 5.22);
insert into Founder (FounderID, Name, PhoneNumber, NumberOfCompanies, CredibilityRanking) values (77, 'Jen Orrom', '(843) 8611062', 1, 2.65);
insert into Founder (FounderID, Name, PhoneNumber, NumberOfCompanies, CredibilityRanking) values (78, 'Sigmund MacCartair', '(138) 5713886', 1, 8.21);
insert into Founder (FounderID, Name, PhoneNumber, NumberOfCompanies, CredibilityRanking) values (79, 'Gardiner Cowderoy', '(705) 1046343', 2, 6.01);
insert into Founder (FounderID, Name, PhoneNumber, NumberOfCompanies, CredibilityRanking) values (80, 'Ricky Linfitt', '(890) 3376607', 5, 7.48);

insert into GeneralResearcher (researcherID, University, Name, Interests, FieldOfStudy) values (1, 'Hannam University', 'Wolfy McCauley', 'Teaching', 'Mathematics');
insert into GeneralResearcher (researcherID, University, Name, Interests, FieldOfStudy) values (2, 'Washington College', 'Cello Lewis', 'Publication', 'Technology');
insert into GeneralResearcher (researcherID, University, Name, Interests, FieldOfStudy) values (3, 'University College London, University of London', 'Huey Plewman', 'Research', 'Technology');
insert into GeneralResearcher (researcherID, University, Name, Interests, FieldOfStudy) values (4, 'Universidade do Oeste Paulista', 'Urbano Blackburn', 'Teaching', 'Mathematics');
insert into GeneralResearcher (researcherID, University, Name, Interests, FieldOfStudy) values (5, 'Shih Chien University', 'Laurens Rupert', 'Research', 'Technology');
insert into GeneralResearcher (researcherID, University, Name, Interests, FieldOfStudy) values (6, 'Jnkping University College', 'Quintus Guidoni', 'Teaching', 'Engineering');
insert into GeneralResearcher (researcherID, University, Name, Interests, FieldOfStudy) values (7, 'Xijiang University', 'Fleurette Gravell', 'Publication', 'Mathematics');
insert into GeneralResearcher (researcherID, University, Name, Interests, FieldOfStudy) values (8, 'Universit Kongo', 'Errol Sandell', 'Teaching', 'Science');
insert into GeneralResearcher (researcherID, University, Name, Interests, FieldOfStudy) values (9, 'Central University of Finance and Economics', 'Dara Boulter', 'Research', 'Technology');
insert into GeneralResearcher (researcherID, University, Name, Interests, FieldOfStudy) values (10, 'Turkish Military Academy', 'Grenville Lightfoot', 'Publication', 'Science');
insert into GeneralResearcher (researcherID, University, Name, Interests, FieldOfStudy) values (11, 'National Hualien Teachers College', 'Deina Charrington', 'Teaching', 'Engineering');
insert into GeneralResearcher (researcherID, University, Name, Interests, FieldOfStudy) values (12, 'Erskine College', 'Corabella Sprules', 'Teaching', 'Mathematics');
insert into GeneralResearcher (researcherID, University, Name, Interests, FieldOfStudy) values (13, 'Universidad Nacional', 'Germayne Denison', 'Research', 'Science');
insert into GeneralResearcher (researcherID, University, Name, Interests, FieldOfStudy) values (14, 'Kabardino-Balkarian State University', 'Cheston Emig', 'Teaching', 'Science');
insert into GeneralResearcher (researcherID, University, Name, Interests, FieldOfStudy) values (15, 'Central Institute of Higher Tibetan Studies', 'Ario Winfield', 'Publication', 'Engineering');
insert into GeneralResearcher (researcherID, University, Name, Interests, FieldOfStudy) values (16, 'St. George''s University', 'Madonna Morgans', 'Research', 'Mathematics');
insert into GeneralResearcher (researcherID, University, Name, Interests, FieldOfStudy) values (17, 'Kumamoto Prefectural University', 'Gabbie Vedstra', 'Teaching', 'Mathematics');
insert into GeneralResearcher (researcherID, University, Name, Interests, FieldOfStudy) values (18, 'Kazakh British Technical University', 'Chere Maysor', 'Research', 'Technology');
insert into GeneralResearcher (researcherID, University, Name, Interests, FieldOfStudy) values (19, 'Tyumen State Agricultural Academy', 'Ryann Baudinet', 'Publication', 'Mathematics');
insert into GeneralResearcher (researcherID, University, Name, Interests, FieldOfStudy) values (20, 'Universit Libre de Bruxelles', 'Annabelle Fenich', 'Teaching', 'Technology');
insert into GeneralResearcher (researcherID, University, Name, Interests, FieldOfStudy) values (21, 'Targu-Mures University of Theatre', 'Garwood Ingray', 'Research', 'Science');
insert into GeneralResearcher (researcherID, University, Name, Interests, FieldOfStudy) values (22, 'International College', 'Isabelle Tethcote', 'Publication', 'Technology');
insert into GeneralResearcher (researcherID, University, Name, Interests, FieldOfStudy) values (23, 'University of Regina Carmeli', 'Dido Luetchford', 'Research', 'Mathematics');
insert into GeneralResearcher (researcherID, University, Name, Interests, FieldOfStudy) values (24, 'Tambov State Technical University', 'Ben Preddy', 'Research', 'Engineering');
insert into GeneralResearcher (researcherID, University, Name, Interests, FieldOfStudy) values (25, 'Union Theological Seminary (UTS)', 'Glori Skryne', 'Research', 'Mathematics');
insert into GeneralResearcher (researcherID, University, Name, Interests, FieldOfStudy) values (26, 'Islamic Azad University, North Tehran', 'Frazer Stebbin', 'Research', 'Engineering');
insert into GeneralResearcher (researcherID, University, Name, Interests, FieldOfStudy) values (27, 'Royal University of Agriculture', 'Benji Downing', 'Teaching', 'Mathematics');
insert into GeneralResearcher (researcherID, University, Name, Interests, FieldOfStudy) values (28, 'Atlantic International University', 'Cinderella Pickrell', 'Research', 'Technology');
insert into GeneralResearcher (researcherID, University, Name, Interests, FieldOfStudy) values (29, 'Columbia Southern University', 'Tiena O''Collopy', 'Teaching', 'Technology');
insert into GeneralResearcher (researcherID, University, Name, Interests, FieldOfStudy) values (30, 'City University', 'Grenville Scarsbrick', 'Research', 'Technology');
insert into GeneralResearcher (researcherID, University, Name, Interests, FieldOfStudy) values (31, 'University of Aquila', 'Corrie Deneve', 'Teaching', 'Technology');
insert into GeneralResearcher (researcherID, University, Name, Interests, FieldOfStudy) values (32, 'Neelain University', 'Bartel McGloin', 'Publication', 'Mathematics');
insert into GeneralResearcher (researcherID, University, Name, Interests, FieldOfStudy) values (33, 'Curry College', 'Meryl Bullingham', 'Research', 'Engineering');
insert into GeneralResearcher (researcherID, University, Name, Interests, FieldOfStudy) values (34, 'Centro Universitrio Newton Paiva', 'Berta Eagan', 'Research', 'Science');
insert into GeneralResearcher (researcherID, University, Name, Interests, FieldOfStudy) values (35, 'Wayo Women''s University', 'Deana Damiral', 'Publication', 'Science');
insert into GeneralResearcher (researcherID, University, Name, Interests, FieldOfStudy) values (36, 'Ecole Nationale Suprieure d''Electrochimie et d''Electromtallurgie de Gernoble', 'Magdaia Obin', 'Publication', 'Engineering');
insert into GeneralResearcher (researcherID, University, Name, Interests, FieldOfStudy) values (37, 'Shahrood University of Medical Sciences', 'Jeannie Barrett', 'Teaching', 'Mathematics');
insert into GeneralResearcher (researcherID, University, Name, Interests, FieldOfStudy) values (38, 'University of Glasgow', 'Ginni Bilbery', 'Publication', 'Technology');
insert into GeneralResearcher (researcherID, University, Name, Interests, FieldOfStudy) values (39, 'Donau-Universitt Krems', 'Noe Lethieulier', 'Research', 'Science');
insert into GeneralResearcher (researcherID, University, Name, Interests, FieldOfStudy) values (40, 'Millsaps College', 'Cad Caig', 'Publication', 'Engineering');
insert into GeneralResearcher (researcherID, University, Name, Interests, FieldOfStudy) values (41, 'National Taipei Teachers College', 'Bev Hurford', 'Research', 'Engineering');
insert into GeneralResearcher (researcherID, University, Name, Interests, FieldOfStudy) values (42, 'Universidad Estatal a Distancia', 'Karalee Couves', 'Publication', 'Engineering');
insert into GeneralResearcher (researcherID, University, Name, Interests, FieldOfStudy) values (43, 'Sungshin Women''s University', 'Doria Dedam', 'Publication', 'Technology');
insert into GeneralResearcher (researcherID, University, Name, Interests, FieldOfStudy) values (44, 'Universidad Salesiana', 'Dannie Nuschke', 'Publication', 'Technology');
insert into GeneralResearcher (researcherID, University, Name, Interests, FieldOfStudy) values (45, 'Kazan State Finance and Economics Institute ', 'Sarina Butt', 'Teaching', 'Science');
insert into GeneralResearcher (researcherID, University, Name, Interests, FieldOfStudy) values (46, 'Al-Batterjee Medical College', 'Ruby Ronaldson', 'Teaching', 'Technology');
insert into GeneralResearcher (researcherID, University, Name, Interests, FieldOfStudy) values (47, 'Fuji University', 'Frazier Wiltshire', 'Teaching', 'Science');
insert into GeneralResearcher (researcherID, University, Name, Interests, FieldOfStudy) values (48, 'Fundacin Universitaria San Martn', 'Whittaker Muncie', 'Publication', 'Engineering');
insert into GeneralResearcher (researcherID, University, Name, Interests, FieldOfStudy) values (49, 'Rocky Mountain College of Art and Design', 'Brittne Widdowson', 'Publication', 'Mathematics');
insert into GeneralResearcher (researcherID, University, Name, Interests, FieldOfStudy) values (50, 'Kazan State University of Medicine', 'Peggie Matterson', 'Publication', 'Engineering');
insert into GeneralResearcher (researcherID, University, Name, Interests, FieldOfStudy) values (51, 'Hochschule fr Technik und Wirtschaft Karlsruhe', 'Maryanne Dormer', 'Publication', 'Mathematics');
insert into GeneralResearcher (researcherID, University, Name, Interests, FieldOfStudy) values (52, 'Sultan Haji Ahmad Shah Polytechnic', 'Ines Davidy', 'Publication', 'Science');
insert into GeneralResearcher (researcherID, University, Name, Interests, FieldOfStudy) values (53, 'Universidade Luterana do Brasil', 'Tremaine Trowill', 'Teaching', 'Engineering');
insert into GeneralResearcher (researcherID, University, Name, Interests, FieldOfStudy) values (54, 'Barat College', 'Fidelity Chidley', 'Research', 'Technology');
insert into GeneralResearcher (researcherID, University, Name, Interests, FieldOfStudy) values (55, 'Samara State Aerospace University', 'Felisha Mughal', 'Publication', 'Engineering');
insert into GeneralResearcher (researcherID, University, Name, Interests, FieldOfStudy) values (56, 'Kasem Bundit University', 'Carver Rosenfelder', 'Publication', 'Technology');
insert into GeneralResearcher (researcherID, University, Name, Interests, FieldOfStudy) values (57, 'Kaohsiung Medical College', 'Bail Penson', 'Publication', 'Science');
insert into GeneralResearcher (researcherID, University, Name, Interests, FieldOfStudy) values (58, 'Kyrgyz Turkish  Manas University', 'Grantham Caveney', 'Teaching', 'Technology');
insert into GeneralResearcher (researcherID, University, Name, Interests, FieldOfStudy) values (59, 'Technological University (Sittwe)', 'Odo Jery', 'Teaching', 'Mathematics');
insert into GeneralResearcher (researcherID, University, Name, Interests, FieldOfStudy) values (60, 'Iwate Prefectural University', 'Karlen Malan', 'Publication', 'Engineering');
insert into GeneralResearcher (researcherID, University, Name, Interests, FieldOfStudy) values (61, 'University of Tuzla', 'Denys Cupitt', 'Research', 'Science');
insert into GeneralResearcher (researcherID, University, Name, Interests, FieldOfStudy) values (62, 'Asia Europe University', 'Charlotte Klimowski', 'Teaching', 'Technology');
insert into GeneralResearcher (researcherID, University, Name, Interests, FieldOfStudy) values (63, 'Trinity College Connecticut', 'Tandie Farquharson', 'Publication', 'Engineering');
insert into GeneralResearcher (researcherID, University, Name, Interests, FieldOfStudy) values (64, 'Guru Jambeshwar University', 'Mirabel Bremen', 'Research', 'Engineering');
insert into GeneralResearcher (researcherID, University, Name, Interests, FieldOfStudy) values (65, 'Centre Universitaire de Technologie', 'Henry Crosio', 'Teaching', 'Engineering');
insert into GeneralResearcher (researcherID, University, Name, Interests, FieldOfStudy) values (66, 'Ohio State University - Marion', 'Tamera Spada', 'Teaching', 'Engineering');
insert into GeneralResearcher (researcherID, University, Name, Interests, FieldOfStudy) values (67, 'Tamil Nadu Dr. Ambedkar Law University', 'Lorain Buck', 'Publication', 'Engineering');
insert into GeneralResearcher (researcherID, University, Name, Interests, FieldOfStudy) values (68, 'Osaka University of Economics', 'Arv Pancast', 'Teaching', 'Engineering');
insert into GeneralResearcher (researcherID, University, Name, Interests, FieldOfStudy) values (69, 'Portland State University', 'Morgan Cancott', 'Teaching', 'Science');
insert into GeneralResearcher (researcherID, University, Name, Interests, FieldOfStudy) values (70, 'Meiji Gakuin University', 'Jill Pimmocke', 'Research', 'Technology');
insert into GeneralResearcher (researcherID, University, Name, Interests, FieldOfStudy) values (71, 'Singapore Management University', 'Nikolaos Jerisch', 'Teaching', 'Mathematics');
insert into GeneralResearcher (researcherID, University, Name, Interests, FieldOfStudy) values (72, 'Chongqing Telecommunication College', 'Lisa Whacket', 'Publication', 'Engineering');
insert into GeneralResearcher (researcherID, University, Name, Interests, FieldOfStudy) values (73, 'Aria Institute of Higher Education', 'Cornelia Daughtery', 'Publication', 'Technology');
insert into GeneralResearcher (researcherID, University, Name, Interests, FieldOfStudy) values (74, 'Guangzhou Normal University', 'Andy Tourle', 'Research', 'Engineering');
insert into GeneralResearcher (researcherID, University, Name, Interests, FieldOfStudy) values (75, 'Daido Institute of Technology', 'Talya Barosch', 'Research', 'Engineering');
insert into GeneralResearcher (researcherID, University, Name, Interests, FieldOfStudy) values (76, 'Omsk State University', 'Obie Matyja', 'Teaching', 'Mathematics');
insert into GeneralResearcher (researcherID, University, Name, Interests, FieldOfStudy) values (77, 'University Oil- Gas Ploiesti', 'Loralyn Carillo', 'Publication', 'Mathematics');
insert into GeneralResearcher (researcherID, University, Name, Interests, FieldOfStudy) values (78, 'Jeonju University', 'Mandel Frodsam', 'Publication', 'Engineering');
insert into GeneralResearcher (researcherID, University, Name, Interests, FieldOfStudy) values (79, 'Vinayaka Mission''s Research Foundation-Deemed University', 'Bren Bletso', 'Research', 'Engineering');
insert into GeneralResearcher (researcherID, University, Name, Interests, FieldOfStudy) values (80, 'Lakshmibai National Institute of Physical Education', 'Worth Marriott', 'Teaching', 'Mathematics');

insert into GeneralResearcherFollowing (researcherID, StartupID, DateCreated) values (78, 78, '12/12/2023');
insert into GeneralResearcherFollowing (researcherID, StartupID, DateCreated) values (52, 74, '5/2/2022');
insert into GeneralResearcherFollowing (researcherID, StartupID, DateCreated) values (30, 57, '6/10/2021');
insert into GeneralResearcherFollowing (researcherID, StartupID, DateCreated) values (29, 72, '7/27/2021');
insert into GeneralResearcherFollowing (researcherID, StartupID, DateCreated) values (22, 60, '9/1/2023');
insert into GeneralResearcherFollowing (researcherID, StartupID, DateCreated) values (13, 54, '11/11/2022');
insert into GeneralResearcherFollowing (researcherID, StartupID, DateCreated) values (12, 16, '3/16/2020');
insert into GeneralResearcherFollowing (researcherID, StartupID, DateCreated) values (70, 8 , '3/9/2020');
insert into GeneralResearcherFollowing (researcherID, StartupID, DateCreated) values (26, 5 , '4/21/2022');
insert into GeneralResearcherFollowing (researcherID, StartupID, DateCreated) values (6 , 58, '9/22/2021');
insert into GeneralResearcherFollowing (researcherID, StartupID, DateCreated) valuAes (5 , 44, '8/18/2020');
insert into GeneralResearcherFollowing (researcherID, StartupID, DateCreated) values (40, 77, '3/14/2021');
insert into GeneralResearcherFollowing (researcherID, StartupID, DateCreated) values (68, 31, '7/17/2022');
insert into GeneralResearcherFollowing (researcherID, StartupID, DateCreated) values (23, 11, '2/2/2020');
insert into GeneralResearcherFollowing (researcherID, StartupID, DateCreated) values (63, 36, '2/3/2021');
insert into GeneralResearcherFollowing (researcherID, StartupID, DateCreated) values (14, 1 , '3/5/2021');
insert into GeneralResearcherFollowing (researcherID, StartupID, DateCreated) values (62, 56, '12/13/2021');
insert into GeneralResearcherFollowing (researcherID, StartupID, DateCreated) values (59, 49, '12/5/2022');
insert into GeneralResearcherFollowing (researcherID, StartupID, DateCreated) values (28, 22, '5/14/2022');
insert into GeneralResearcherFollowing (researcherID, StartupID, DateCreated) values (56, 53, '12/16/2021');
insert into GeneralResearcherFollowing (researcherID, StartupID, DateCreated) values (72, 30, '6/29/2020');
insert into GeneralResearcherFollowing (researcherID, StartupID, DateCreated) values (45, 64, '11/6/2022');
insert into GeneralResearcherFollowing (researcherID, StartupID, DateCreated) values (43, 2 , '8/25/2022');
insert into GeneralResearcherFollowing (researcherID, StartupID, DateCreated) values (39, 73, '9/5/2020');
insert into GeneralResearcherFollowing (researcherID, StartupID, DateCreated) values (50, 76, '10/28/2022');
insert into GeneralResearcherFollowing (researcherID, StartupID, DateCreated) values (32, 19, '6/22/2020');
insert into GeneralResearcherFollowing (researcherID, StartupID, DateCreated) values (69, 4 , '5/1/2023');
insert into GeneralResearcherFollowing (researcherID, StartupID, DateCreated) values (42, 10, '12/21/2021');
insert into GeneralResearcherFollowing (researcherID, StartupID, DateCreated) values (33, 27, '9/7/2021');
insert into GeneralResearcherFollowing (researcherID, StartupID, DateCreated) values (21, 14, '3/23/2023');
insert into GeneralResearcherFollowing (researcherID, StartupID, DateCreated) values (16, 65, '3/5/2022');
insert into GeneralResearcherFollowing (researcherID, StartupID, DateCreated) values (2 , 75, '1/28/2023');
insert into GeneralResearcherFollowing (researcherID, StartupID, DateCreated) values (58, 37, '9/12/2021');
insert into GeneralResearcherFollowing (researcherID, StartupID, DateCreated) values (24, 69, '12/14/2023');
insert into GeneralResearcherFollowing (researcherID, StartupID, DateCreated) values (49, 9 , '10/11/2020');
insert into GeneralResearcherFollowing (researcherID, StartupID, DateCreated) values (34, 25, '3/29/2023');
insert into GeneralResearcherFollowing (researcherID, StartupID, DateCreated) values (54, 62, '2/26/2020');
insert into GeneralResearcherFollowing (researcherID, StartupID, DateCreated) values (46, 32, '2/2/2022');
insert into GeneralResearcherFollowing (researcherID, StartupID, DateCreated) values (53, 48, '7/30/2023');
insert into GeneralResearcherFollowing (researcherID, StartupID, DateCreated) values (19, 18, '3/5/2020');
insert into GeneralResearcherFollowing (researcherID, StartupID, DateCreated) values (27, 20, '3/17/2020');
insert into GeneralResearcherFollowing (researcherID, StartupID, DateCreated) values (66, 21, '3/4/2022');
insert into GeneralResearcherFollowing (researcherID, StartupID, DateCreated) values (64, 6 , '3/12/2024');
insert into GeneralResearcherFollowing (researcherID, StartupID, DateCreated) values (48, 43, '4/17/2021');
insert into GeneralResearcherFollowing (researcherID, StartupID, DateCreated) values (37, 68, '1/12/2023');
insert into GeneralResearcherFollowing (researcherID, StartupID, DateCreated) values (31, 80, '1/29/2022');
insert into GeneralResearcherFollowing (researcherID, StartupID, DateCreated) values (80, 29, '3/31/2022');
insert into GeneralResearcherFollowing (researcherID, StartupID, DateCreated) values (61, 52, '5/25/2022');
insert into GeneralResearcherFollowing (researcherID, StartupID, DateCreated) values (41, 67, '2/6/2022');
insert into GeneralResearcherFollowing (researcherID, StartupID, DateCreated) values (7 , 46, '11/27/2023');
insert into GeneralResearcherFollowing (researcherID, StartupID, DateCreated) values (8 , 50, '4/29/2022');
insert into GeneralResearcherFollowing (researcherID, StartupID, DateCreated) values (44, 34, '1/21/2020');
insert into GeneralResearcherFollowing (researcherID, StartupID, DateCreated) values (3 , 70, '1/4/2023');
insert into GeneralResearcherFollowing (researcherID, StartupID, DateCreated) values (51, 55, '4/4/2020');
insert into GeneralResearcherFollowing (researcherID, StartupID, DateCreated) values (65, 28, '2/23/2024');
insert into GeneralResearcherFollowing (researcherID, StartupID, DateCreated) values (60, 71, '1/11/2021');
insert into GeneralResearcherFollowing (researcherID, StartupID, DateCreated) values (4 , 51, '3/23/2021');
insert into GeneralResearcherFollowing (researcherID, StartupID, DateCreated) values (36, 7 , '12/16/2020');
insert into GeneralResearcherFollowing (researcherID, StartupID, DateCreated) values (74, 42, '6/7/2021');
insert into GeneralResearcherFollowing (researcherID, StartupID, DateCreated) values (79, 79, '11/19/2023');
insert into GeneralResearcherFollowing (researcherID, StartupID, DateCreated) values (57, 3 , '1/30/2024');
insert into GeneralResearcherFollowing (researcherID, StartupID, DateCreated) values (20, 15, '3/4/2024');
insert into GeneralResearcherFollowing (researcherID, StartupID, DateCreated) values (10, 13, '9/30/2022');
insert into GeneralResearcherFollowing (researcherID, StartupID, DateCreated) values (15, 17, '10/13/2023');
insert into GeneralResearcherFollowing (researcherID, StartupID, DateCreated) values (11, 40, '9/3/2023');
insert into GeneralResearcherFollowing (researcherID, StartupID, DateCreated) values (67, 66, '10/24/2020');
insert into GeneralResearcherFollowing (researcherID, StartupID, DateCreated) values (73, 38, '3/30/2021');
insert into GeneralResearcherFollowing (researcherID, StartupID, DateCreated) values (25, 23, '12/30/2020');
insert into GeneralResearcherFollowing (researcherID, StartupID, DateCreated) values (9 , 33, '11/2/2023');
insert into GeneralResearcherFollowing (researcherID, StartupID, DateCreated) values (18, 47, '2/26/2023');
insert into GeneralResearcherFollowing (researcherID, StartupID, DateCreated) values (38, 24, '10/2/2023');
insert into GeneralResearcherFollowing (researcherID, StartupID, DateCreated) values (76, 26, '11/27/2022');
insert into GeneralResearcherFollowing (researcherID, StartupID, DateCreated) values (77, 35, '9/7/2021');
insert into GeneralResearcherFollowing (researcherID, StartupID, DateCreated) values (17, 39, '9/11/2022');
insert into GeneralResearcherFollowing (researcherID, StartupID, DateCreated) values (47, 12, '5/14/2022');
insert into GeneralResearcherFollowing (researcherID, StartupID, DateCreated) values (35, 59, '4/18/2021');
insert into GeneralResearcherFollowing (researcherID, StartupID, DateCreated) values (55, 41, '7/17/2023');
insert into GeneralResearcherFollowing (researcherID, StartupID, DateCreated) values (71, 63, '8/15/2021');
insert into GeneralResearcherFollowing (researcherID, StartupID, DateCreated) values (1 , 61, '1/10/2024');
insert into GeneralResearcherFollowing (researcherID, StartupID, DateCreated) values (75, 45, '9/1/2021');
insert into GeneralResearcherFollowing (researcherID, StartupID, DateCreated) values (72, 15, '2/3/2020');
insert into GeneralResearcherFollowing (researcherID, StartupID, DateCreated) values (22, 77, '6/29/2023');
insert into GeneralResearcherFollowing (researcherID, StartupID, DateCreated) values (43, 50, '8/13/2023');
insert into GeneralResearcherFollowing (researcherID, StartupID, DateCreated) values (56, 79, '6/22/2020');
insert into GeneralResearcherFollowing (researcherID, StartupID, DateCreated) values (13, 70, '4/24/2022');
insert into GeneralResearcherFollowing (researcherID, StartupID, DateCreated) values (74, 2 , '2/24/2021');
insert into GeneralResearcherFollowing (researcherID, StartupID, DateCreated) values (40, 64, '10/11/2022');
insert into GeneralResearcherFollowing (researcherID, StartupID, DateCreated) values (62, 33, '2/24/2020');
insert into GeneralResearcherFollowing (researcherID, StartupID, DateCreated) values (42, 24, '4/27/2021');
insert into GeneralResearcherFollowing (researcherID, StartupID, DateCreated) values (76, 13, '7/16/2021');
insert into GeneralResearcherFollowing (researcherID, StartupID, DateCreated) values (29, 58, '8/2/2021');
insert into GeneralResearcherFollowing (researcherID, StartupID, DateCreated) values (52, 44, '3/12/2022');
insert into GeneralResearcherFollowing (researcherID, StartupID, DateCreated) values (70, 21, '1/6/2020');
insert into GeneralResearcherFollowing (researcherID, StartupID, DateCreated) values (35, 36, '2/15/2020');
insert into GeneralResearcherFollowing (researcherID, StartupID, DateCreated) values (33, 60, '7/18/2020');
insert into GeneralResearcherFollowing (researcherID, StartupID, DateCreated) values (49, 73, '4/5/2020');
insert into GeneralResearcherFollowing (researcherID, StartupID, DateCreated) values (60, 4 , '6/4/2020');
insert into GeneralResearcherFollowing (researcherID, StartupID, DateCreated) values (69, 51, '8/6/2023');
insert into GeneralResearcherFollowing (researcherID, StartupID, DateCreated) values (18, 38, '2/17/2024');
insert into GeneralResearcherFollowing (researcherID, StartupID, DateCreated) values (39, 34, '3/13/2023');
insert into GeneralResearcherFollowing (researcherID, StartupID, DateCreated) values (32, 53, '3/12/2024');
insert into GeneralResearcherFollowing (researcherID, StartupID, DateCreated) values (38, 9 , '8/8/2020');
insert into GeneralResearcherFollowing (researcherID, StartupID, DateCreated) values (68, 20, '3/13/2020');
insert into GeneralResearcherFollowing (researcherID, StartupID, DateCreated) values (1 , 11, '11/23/2020');
insert into GeneralResearcherFollowing (researcherID, StartupID, DateCreated) values (25, 35, '3/18/2020');
insert into GeneralResearcherFollowing (researcherID, StartupID, DateCreated) values (57, 69, '4/17/2020');
insert into GeneralResearcherFollowing (researcherID, StartupID, DateCreated) values (45, 40, '10/27/2022');
insert into GeneralResearcherFollowing (researcherID, StartupID, DateCreated) values (77, 59, '8/12/2021');
insert into GeneralResearcherFollowing (researcherID, StartupID, DateCreated) values (24, 61, '9/18/2020');
insert into GeneralResearcherFollowing (researcherID, StartupID, DateCreated) values (2 , 5 , '5/29/2022');
insert into GeneralResearcherFollowing (researcherID, StartupID, DateCreated) values (58, 54, '2/22/2020');
insert into GeneralResearcherFollowing (researcherID, StartupID, DateCreated) values (27, 28, '5/27/2022');
insert into GeneralResearcherFollowing (researcherID, StartupID, DateCreated) values (12, 27, '4/12/2022');
insert into GeneralResearcherFollowing (researcherID, StartupID, DateCreated) values (14, 80, '6/27/2021');
insert into GeneralResearcherFollowing (researcherID, StartupID, DateCreated) values (75, 45, '8/19/2020');
insert into GeneralResearcherFollowing (researcherID, StartupID, DateCreated) values (54, 76, '6/21/2022');
insert into GeneralResearcherFollowing (researcherID, StartupID, DateCreated) values (31, 6 , '7/31/2022');
insert into GeneralResearcherFollowing (researcherID, StartupID, DateCreated) values (23, 31, '10/25/2023');
insert into GeneralResearcherFollowing (researcherID, StartupID, DateCreated) values (15, 72, '4/2/2022');
insert into GeneralResearcherFollowing (researcherID, StartupID, DateCreated) values (30, 10, '5/28/2022');
insert into GeneralResearcherFollowing (researcherID, StartupID, DateCreated) values (8 , 78, '5/27/2020');
insert into GeneralResearcherFollowing (researcherID, StartupID, DateCreated) values (36, 7 , '11/11/2022');
insert into GeneralResearcherFollowing (researcherID, StartupID, DateCreated) values (10, 8 , '1/13/2021');
insert into GeneralResearcherFollowing (researcherID, StartupID, DateCreated) values (67, 43, '1/17/2023');
insert into GeneralResearcherFollowing (researcherID, StartupID, DateCreated) values (11, 65, '11/23/2020');
insert into GeneralResearcherFollowing (researcherID, StartupID, DateCreated) values (78, 47, '3/13/2024');
insert into GeneralResearcherFollowing (researcherID, StartupID, DateCreated) values (28, 12, '1/1/2024');
insert into GeneralResearcherFollowing (researcherID, StartupID, DateCreated) values (5 , 22, '6/19/2023');
insert into GeneralResearcherFollowing (researcherID, StartupID, DateCreated) values (6 , 16, '4/26/2022');
insert into GeneralResearcherFollowing (researcherID, StartupID, DateCreated) values (55, 26, '6/8/2020');
insert into GeneralResearcherFollowing (researcherID, StartupID, DateCreated) values (71, 66, '8/6/2020');
insert into GeneralResearcherFollowing (researcherID, StartupID, DateCreated) values (26, 17, '12/11/2023');
insert into GeneralResearcherFollowing (researcherID, StartupID, DateCreated) values (53, 39, '4/26/2023');
insert into GeneralResearcherFollowing (researcherID, StartupID, DateCreated) values (51, 25, '10/6/2023');
insert into GeneralResearcherFollowing (researcherID, StartupID, DateCreated) values (16, 42, '3/19/2020');
insert into GeneralResearcherFollowing (researcherID, StartupID, DateCreated) values (4 , 67, '9/4/2023');
insert into GeneralResearcherFollowing (researcherID, StartupID, DateCreated) values (3 , 74, '8/19/2021');
insert into GeneralResearcherFollowing (researcherID, StartupID, DateCreated) values (63, 19, '12/28/2023');
insert into GeneralResearcherFollowing (researcherID, StartupID, DateCreated) values (66, 1 , '11/29/2023');
insert into GeneralResearcherFollowing (researcherID, StartupID, DateCreated) values (48, 55, '9/7/2022');
insert into GeneralResearcherFollowing (researcherID, StartupID, DateCreated) values (50, 52, '6/26/2021');
insert into GeneralResearcherFollowing (researcherID, StartupID, DateCreated) values (46, 29, '12/5/2020');
insert into GeneralResearcherFollowing (researcherID, StartupID, DateCreated) values (21, 71, '6/23/2022');
insert into GeneralResearcherFollowing (researcherID, StartupID, DateCreated) values (9 , 48, '8/6/2022');
insert into GeneralResearcherFollowing (researcherID, StartupID, DateCreated) values (44, 41, '5/11/2021');
insert into GeneralResearcherFollowing (researcherID, StartupID, DateCreated) values (34, 37, '10/12/2022');
insert into GeneralResearcherFollowing (researcherID, StartupID, DateCreated) values (73, 49, '1/1/2023');
insert into GeneralResearcherFollowing (researcherID, StartupID, DateCreated) values (37, 18, '10/7/2023');
insert into GeneralResearcherFollowing (researcherID, StartupID, DateCreated) values (61, 68, '4/7/2021');
insert into GeneralResearcherFollowing (researcherID, StartupID, DateCreated) values (64, 30, '10/1/2021');
insert into GeneralResearcherFollowing (researcherID, StartupID, DateCreated) values (59, 63, '10/16/2021');
insert into GeneralResearcherFollowing (researcherID, StartupID, DateCreated) values (7 , 62, '3/5/2022');
insert into GeneralResearcherFollowing (researcherID, StartupID, DateCreated) values (41, 57, '5/24/2023');
insert into GeneralResearcherFollowing (researcherID, StartupID, DateCreated) values (17, 3 , '5/11/2023');
insert into GeneralResearcherFollowing (researcherID, StartupID, DateCreated) values (19, 32, '9/6/2022');
insert into GeneralResearcherFollowing (researcherID, StartupID, DateCreated) values (80, 56, '8/24/2023');
insert into GeneralResearcherFollowing (researcherID, StartupID, DateCreated) values (65, 75, '10/7/2020');
insert into GeneralResearcherFollowing (researcherID, StartupID, DateCreated) values (79, 46, '2/6/2023');
insert into GeneralResearcherFollowing (researcherID, StartupID, DateCreated) values (47, 14, '10/8/2021');
insert into GeneralResearcherFollowing (researcherID, StartupID, DateCreated) values (44, 23, '1/27/2024');
insert into GeneralResearcherFollowing (researcherID, StartupID, DateCreated) values (59, 68, '3/10/2021');
insert into GeneralResearcherFollowing (researcherID, StartupID, DateCreated) values (57, 77, '7/8/2023');
insert into GeneralResearcherFollowing (researcherID, StartupID, DateCreated) values (7 , 15, '7/11/2022');
insert into GeneralResearcherFollowing (researcherID, StartupID, DateCreated) values (60, 30, '10/23/2021');
insert into GeneralResearcherFollowing (researcherID, StartupID, DateCreated) values (36, 52, '9/28/2022');
insert into GeneralResearcherFollowing (researcherID, StartupID, DateCreated) values (54, 11, '1/17/2022');
insert into GeneralResearcherFollowing (researcherID, StartupID, DateCreated) values (39, 49, '8/15/2023');
insert into GeneralResearcherFollowing (researcherID, StartupID, DateCreated) values (68, 26, '12/6/2020');
insert into GeneralResearcherFollowing (researcherID, StartupID, DateCreated) values (73, 60, '5/12/2020');
insert into GeneralResearcherFollowing (researcherID, StartupID, DateCreated) values (72, 36, '9/28/2023');
insert into GeneralResearcherFollowing (researcherID, StartupID, DateCreated) values (51, 3 , '7/24/2022');
insert into GeneralResearcherFollowing (researcherID, StartupID, DateCreated) values (34, 35, '11/29/2022');
insert into GeneralResearcherFollowing (researcherID, StartupID, DateCreated) values (48, 20, '12/20/2022');
insert into GeneralResearcherFollowing (researcherID, StartupID, DateCreated) values (42, 79, '7/31/2021');
insert into GeneralResearcherFollowing (researcherID, StartupID, DateCreated) values (5 , 42, '4/1/2023');
insert into GeneralResearcherFollowing (researcherID, StartupID, DateCreated) values (80, 6 , '9/30/2021');
insert into GeneralResearcherFollowing (researcherID, StartupID, DateCreated) values (74, 57, '7/15/2023');
insert into GeneralResearcherFollowing (researcherID, StartupID, DateCreated) values (17, 41, '9/8/2021');
insert into GeneralResearcherFollowing (researcherID, StartupID, DateCreated) values (61, 7 , '5/3/2022');
insert into GeneralResearcherFollowing (researcherID, StartupID, DateCreated) values (10, 16, '11/18/2023');
insert into GeneralResearcherFollowing (researcherID, StartupID, DateCreated) values (49, 1 , '2/8/2023');
insert into GeneralResearcherFollowing (researcherID, StartupID, DateCreated) values (37, 46, '6/22/2023');
insert into GeneralResearcherFollowing (researcherID, StartupID, DateCreated) values (76, 55, '12/26/2021');
insert into GeneralResearcherFollowing (researcherID, StartupID, DateCreated) values (2 , 33, '10/14/2020');
insert into GeneralResearcherFollowing (researcherID, StartupID, DateCreated) values (47, 50, '3/24/2022');
insert into GeneralResearcherFollowing (researcherID, StartupID, DateCreated) values (21, 8 , '12/12/2023');
insert into GeneralResearcherFollowing (researcherID, StartupID, DateCreated) values (41, 43, '9/22/2022');
insert into GeneralResearcherFollowing (researcherID, StartupID, DateCreated) values (1 , 63, '3/10/2023');
insert into GeneralResearcherFollowing (researcherID, StartupID, DateCreated) values (64, 44, '2/21/2024');
insert into GeneralResearcherFollowing (researcherID, StartupID, DateCreated) values (3 , 21, '11/21/2021');
insert into GeneralResearcherFollowing (researcherID, StartupID, DateCreated) values (23, 80, '12/2/2020');
insert into GeneralResearcherFollowing (researcherID, StartupID, DateCreated) values (77, 58, '8/26/2020');
insert into GeneralResearcherFollowing (researcherID, StartupID, DateCreated) values (19, 22, '5/11/2022');
insert into GeneralResearcherFollowing (researcherID, StartupID, DateCreated) values (66, 25, '3/6/2024');
insert into GeneralResearcherFollowing (researcherID, StartupID, DateCreated) values (40, 4 , '3/29/2023');
insert into GeneralResearcherFollowing (researcherID, StartupID, DateCreated) values (78, 12, '8/14/2021');
insert into GeneralResearcherFollowing (researcherID, StartupID, DateCreated) values (56, 37, '3/24/2022');
insert into GeneralResearcherFollowing (researcherID, StartupID, DateCreated) values (31, 64, '3/28/2020');
insert into GeneralResearcherFollowing (researcherID, StartupID, DateCreated) values (52, 23, '4/9/2023');
insert into GeneralResearcherFollowing (researcherID, StartupID, DateCreated) values (18, 76, '5/24/2021');

insert into GrowthStageList (growthStage) values ('Pre-seed');
insert into GrowthStageList (growthStage) values ('Seed');
insert into GrowthStageList (growthStage) values ('SeriesA');
insert into GrowthStageList (growthStage) values ('SeriesB');
insert into GrowthStageList (growthStage) values ('SeriesC');


insert into IndustryList (Industry) values ('Technology');
insert into IndustryList (Industry) values ('Healthcare');
insert into IndustryList (Industry) values ('Finance');
insert into IndustryList (Industry) values ('Retail');
insert into IndustryList (Industry) values ('Education');


insert into InsightComments (commentID, InsightID, Likes, ViewCount, GeneralResearcher) values (1, 36, 989, 53555, 69);
insert into InsightComments (commentID, InsightID, Likes, ViewCount, GeneralResearcher) values (2, 61, 497, 48107, 56);
insert into InsightComments (commentID, InsightID, Likes, ViewCount, GeneralResearcher) values (3, 12, 101, 98377, 44);
insert into InsightComments (commentID, InsightID, Likes, ViewCount, GeneralResearcher) values (4, 62, 161, 58805, 60);
insert into InsightComments (commentID, InsightID, Likes, ViewCount, GeneralResearcher) values (5, 29, 936, 64127, 5);
insert into InsightComments (commentID, InsightID, Likes, ViewCount, GeneralResearcher) values (6, 79, 502, 73225, 43);
insert into InsightComments (commentID, InsightID, Likes, ViewCount, GeneralResearcher) values (7, 41, 926, 11669, 65);
insert into InsightComments (commentID, InsightID, Likes, ViewCount, GeneralResearcher) values (8, 23, 856, 40652, 71);
insert into InsightComments (commentID, InsightID, Likes, ViewCount, GeneralResearcher) values (9, 39, 192, 71216, 78);
insert into InsightComments (commentID, InsightID, Likes, ViewCount, GeneralResearcher) values (10, 43, 864, 55190, 62);
insert into InsightComments (commentID, InsightID, Likes, ViewCount, GeneralResearcher) values (11, 76, 349, 68232, 46);
insert into InsightComments (commentID, InsightID, Likes, ViewCount, GeneralResearcher) values (12, 21, 16, 79139, 14);
insert into InsightComments (commentID, InsightID, Likes, ViewCount, GeneralResearcher) values (13, 73, 305, 61535, 41);
insert into InsightComments (commentID, InsightID, Likes, ViewCount, GeneralResearcher) values (14, 68, 766, 36543, 76);
insert into InsightComments (commentID, InsightID, Likes, ViewCount, GeneralResearcher) values (15, 26, 412, 56478, 20);
insert into InsightComments (commentID, InsightID, Likes, ViewCount, GeneralResearcher) values (16, 14, 856, 31013, 23);
insert into InsightComments (commentID, InsightID, Likes, ViewCount, GeneralResearcher) values (17, 67, 617, 18730, 48);
insert into InsightComments (commentID, InsightID, Likes, ViewCount, GeneralResearcher) values (18, 24, 278, 49814, 45);
insert into InsightComments (commentID, InsightID, Likes, ViewCount, GeneralResearcher) values (19, 74, 714, 12407, 17);
insert into InsightComments (commentID, InsightID, Likes, ViewCount, GeneralResearcher) values (20, 11, 187, 90756, 67);
insert into InsightComments (commentID, InsightID, Likes, ViewCount, GeneralResearcher) values (21, 1, 600, 32577, 57);
insert into InsightComments (commentID, InsightID, Likes, ViewCount, GeneralResearcher) values (22, 57, 569, 98924, 13);
insert into InsightComments (commentID, InsightID, Likes, ViewCount, GeneralResearcher) values (23, 59, 766, 96004, 6);
insert into InsightComments (commentID, InsightID, Likes, ViewCount, GeneralResearcher) values (24, 2, 114, 62776, 77);
insert into InsightComments (commentID, InsightID, Likes, ViewCount, GeneralResearcher) values (25, 32, 797, 14602, 31);
insert into InsightComments (commentID, InsightID, Likes, ViewCount, GeneralResearcher) values (26, 7, 609, 30114, 63);
insert into InsightComments (commentID, InsightID, Likes, ViewCount, GeneralResearcher) values (27, 6, 783, 53094, 11);
insert into InsightComments (commentID, InsightID, Likes, ViewCount, GeneralResearcher) values (28, 53, 245, 56749, 37);
insert into InsightComments (commentID, InsightID, Likes, ViewCount, GeneralResearcher) values (29, 65, 454, 46573, 70);
insert into InsightComments (commentID, InsightID, Likes, ViewCount, GeneralResearcher) values (30, 27, 608, 62995, 12);
insert into InsightComments (commentID, InsightID, Likes, ViewCount, GeneralResearcher) values (31, 42, 681, 91172, 66);
insert into InsightComments (commentID, InsightID, Likes, ViewCount, GeneralResearcher) values (32, 47, 278, 63171, 30);
insert into InsightComments (commentID, InsightID, Likes, ViewCount, GeneralResearcher) values (33, 56, 373, 10400, 32);
insert into InsightComments (commentID, InsightID, Likes, ViewCount, GeneralResearcher) values (34, 31, 166, 22872, 27);
insert into InsightComments (commentID, InsightID, Likes, ViewCount, GeneralResearcher) values (35, 22, 337, 98402, 72);
insert into InsightComments (commentID, InsightID, Likes, ViewCount, GeneralResearcher) values (36, 58, 640, 49203, 55);
insert into InsightComments (commentID, InsightID, Likes, ViewCount, GeneralResearcher) values (37, 4, 62, 31834, 51);
insert into InsightComments (commentID, InsightID, Likes, ViewCount, GeneralResearcher) values (38, 37, 403, 67734, 39);
insert into InsightComments (commentID, InsightID, Likes, ViewCount, GeneralResearcher) values (39, 48, 313, 50864, 29);
insert into InsightComments (commentID, InsightID, Likes, ViewCount, GeneralResearcher) values (40, 10, 945, 47037, 42);
insert into InsightComments (commentID, InsightID, Likes, ViewCount, GeneralResearcher) values (41, 75, 444, 82813, 49);
insert into InsightComments (commentID, InsightID, Likes, ViewCount, GeneralResearcher) values (42, 16, 808, 10969, 22);
insert into InsightComments (commentID, InsightID, Likes, ViewCount, GeneralResearcher) values (43, 78, 960, 83281, 73);
insert into InsightComments (commentID, InsightID, Likes, ViewCount, GeneralResearcher) values (44, 5, 443, 77764, 35);
insert into InsightComments (commentID, InsightID, Likes, ViewCount, GeneralResearcher) values (45, 66, 209, 87993, 16);
insert into InsightComments (commentID, InsightID, Likes, ViewCount, GeneralResearcher) values (46, 49, 673, 66743, 38);
insert into InsightComments (commentID, InsightID, Likes, ViewCount, GeneralResearcher) values (47, 38, 637, 19845, 79);
insert into InsightComments (commentID, InsightID, Likes, ViewCount, GeneralResearcher) values (48, 28, 566, 31520, 3);
insert into InsightComments (commentID, InsightID, Likes, ViewCount, GeneralResearcher) values (49, 44, 804, 20065, 24);
insert into InsightComments (commentID, InsightID, Likes, ViewCount, GeneralResearcher) values (50, 20, 943, 50849, 64);
insert into InsightComments (commentID, InsightID, Likes, ViewCount, GeneralResearcher) values (51, 60, 148, 25533, 61);
insert into InsightComments (commentID, InsightID, Likes, ViewCount, GeneralResearcher) values (52, 9, 729, 36071, 1);
insert into InsightComments (commentID, InsightID, Likes, ViewCount, GeneralResearcher) values (53, 19, 901, 42072, 15);
insert into InsightComments (commentID, InsightID, Likes, ViewCount, GeneralResearcher) values (54, 3, 296, 72238, 47);
insert into InsightComments (commentID, InsightID, Likes, ViewCount, GeneralResearcher) values (55, 15, 168, 37305, 9);
insert into InsightComments (commentID, InsightID, Likes, ViewCount, GeneralResearcher) values (56, 33, 35, 97961, 18);
insert into InsightComments (commentID, InsightID, Likes, ViewCount, GeneralResearcher) values (57, 46, 834, 8576, 74);
insert into InsightComments (commentID, InsightID, Likes, ViewCount, GeneralResearcher) values (58, 54, 798, 24145, 25);
insert into InsightComments (commentID, InsightID, Likes, ViewCount, GeneralResearcher) values (59, 50, 828, 35163, 80);
insert into InsightComments (commentID, InsightID, Likes, ViewCount, GeneralResearcher) values (60, 18, 228, 74364, 10);
insert into InsightComments (commentID, InsightID, Likes, ViewCount, GeneralResearcher) values (61, 13, 864, 65767, 19);
insert into InsightComments (commentID, InsightID, Likes, ViewCount, GeneralResearcher) values (62, 52, 948, 24953, 7);
insert into InsightComments (commentID, InsightID, Likes, ViewCount, GeneralResearcher) values (63, 34, 818, 20684, 36);
insert into InsightComments (commentID, InsightID, Likes, ViewCount, GeneralResearcher) values (64, 71, 904, 38521, 8);
insert into InsightComments (commentID, InsightID, Likes, ViewCount, GeneralResearcher) values (65, 35, 594, 91414, 2);
insert into InsightComments (commentID, InsightID, Likes, ViewCount, GeneralResearcher) values (66, 80, 411, 21511, 54);
insert into InsightComments (commentID, InsightID, Likes, ViewCount, GeneralResearcher) values (67, 8, 801, 83893, 68);
insert into InsightComments (commentID, InsightID, Likes, ViewCount, GeneralResearcher) values (68, 30, 122, 20278, 4);
insert into InsightComments (commentID, InsightID, Likes, ViewCount, GeneralResearcher) values (69, 25, 206, 70147, 52);
insert into InsightComments (commentID, InsightID, Likes, ViewCount, GeneralResearcher) values (70, 64, 118, 48255, 33);
insert into InsightComments (commentID, InsightID, Likes, ViewCount, GeneralResearcher) values (71, 63, 333, 10060, 26);
insert into InsightComments (commentID, InsightID, Likes, ViewCount, GeneralResearcher) values (72, 51, 717, 50927, 34);
insert into InsightComments (commentID, InsightID, Likes, ViewCount, GeneralResearcher) values (73, 55, 508, 33910, 53);
insert into InsightComments (commentID, InsightID, Likes, ViewCount, GeneralResearcher) values (74, 70, 379, 64006, 21);
insert into InsightComments (commentID, InsightID, Likes, ViewCount, GeneralResearcher) values (75, 45, 188, 76804, 28);
insert into InsightComments (commentID, InsightID, Likes, ViewCount, GeneralResearcher) values (76, 77, 216, 58901, 40);
insert into InsightComments (commentID, InsightID, Likes, ViewCount, GeneralResearcher) values (77, 40, 864, 93078, 58);
insert into InsightComments (commentID, InsightID, Likes, ViewCount, GeneralResearcher) values (78, 17, 56, 59263, 59);
insert into InsightComments (commentID, InsightID, Likes, ViewCount, GeneralResearcher) values (79, 69, 469, 98254, 75);
insert into InsightComments (commentID, InsightID, Likes, ViewCount, GeneralResearcher) values (80, 72, 271, 63941, 50);

insert into Insights (InsightID, GeneralResearcher, DateCreated, Content, Likes) values (1, 66, '7/26/2020', 'Morbi vestibulum, velit id pretium iaculis, diam erat fermentum justo, nec condimentum neque sapien placerat ante. Nulla justo. Aliquam quis turpis eget elit sodales scelerisque.', 9810);
insert into Insights (InsightID, GeneralResearcher, DateCreated, Content, Likes) values (2, 23, '1/15/2024', 'In hac habitasse platea dictumst. Maecenas ut massa quis augue luctus tincidunt. Nulla mollis molestie lorem. Quisque ut erat. Curabitur gravida nisi at nibh.', 4857);
insert into Insights (InsightID, GeneralResearcher, DateCreated, Content, Likes) values (3, 52, '7/23/2022', 'Nam dui. Proin leo odio, porttitor id, consequat in, consequat ut, nulla. Sed accumsan felis.', 6053);
insert into Insights (InsightID, GeneralResearcher, DateCreated, Content, Likes) values (4, 18, '8/13/2023', 'Donec odio justo, sollicitudin ut, suscipit a, feugiat et, eros. Vestibulum ac est lacinia nisi venenatis tristique. Fusce congue, diam id ornare imperdiet, sapien urna pretium nisl, ut volutpat sapien arcu sed augue. Aliquam erat volutpat. In congue.', 418);
insert into Insights (InsightID, GeneralResearcher, DateCreated, Content, Likes) values (5, 8 , '6/30/2022', 'Maecenas tincidunt lacus at velit. Vivamus vel nulla eget eros elementum pellentesque. Quisque porta volutpat erat. Quisque erat eros, viverra eget, congue eget, semper rutrum, nulla. Nunc purus. Phasellus in felis.', 9302);
insert into Insights (InsightID, GeneralResearcher, DateCreated, Content, Likes) values (6, 39, '2/9/2022', 'Maecenas ut massa quis augue luctus tincidunt. Nulla mollis molestie lorem. Quisque ut erat. Curabitur gravida nisi at nibh. In hac habitasse platea dictumst.', 9149);
insert into Insights (InsightID, GeneralResearcher, DateCreated, Content, Likes) values (7, 6 , '7/25/2020', 'Etiam justo. Etiam pretium iaculis justo. In hac habitasse platea dictumst. Etiam faucibus cursus urna. Ut tellus. Nulla ut erat id mauris vulputate elementum. Nullam varius. Nulla facilisi. Cras non velit nec nisi vulputate nonummy.', 9928);
insert into Insights (InsightID, GeneralResearcher, DateCreated, Content, Likes) values (8, 72, '9/17/2021', 'Quisque id justo sit amet sapien dignissim vestibulum.', 7974);
insert into Insights (InsightID, GeneralResearcher, DateCreated, Content, Likes) values (9, 40, '11/25/2021', 'Proin risus. Praesent lectus. Vestibulum quam sapien, varius ut, blandit non, interdum in, ante. Vestibulum ante ipsum primis in faucibus orci luctus et ultrices posuere cubilia Curae; Duis faucibus accumsan odio.', 6302);
insert into Insights (InsightID, GeneralResearcher, DateCreated, Content, Likes) values (10, 61, '3/2/2021', 'In hac habitasse platea dictumst. Maecenas ut massa quis augue luctus tincidunt. Nulla mollis molestie lorem. Quisque ut erat. Curabitur gravida nisi at nibh. In hac habitasse platea dictumst. Aliquam augue quam, sollicitudin vitae, consectetuer eget, rutrum at, lorem. Integer tincidunt ante vel ipsum.', 7993);
insert into Insights (InsightID, GeneralResearcher, DateCreated, Content, Likes) values (11, 53, '8/23/2022', 'Phasellus in felis. Donec semper sapien a libero. Nam dui. Proin leo odio, porttitor id, consequat in, consequat ut, nulla. Sed accumsan felis.', 7724);
insert into Insights (InsightID, GeneralResearcher, DateCreated, Content, Likes) values (12, 1 , '10/26/2020', 'Quisque porta volutpat erat. Quisque erat eros, viverra eget, congue eget, semper rutrum, nulla. Nunc purus. Phasellus in felis. Donec semper sapien a libero. Nam dui. Proin leo odio, porttitor id, consequat in, consequat ut, nulla. Sed accumsan felis. Ut at dolor quis odio consequat varius.', 4798);
insert into Insights (InsightID, GeneralResearcher, DateCreated, Content, Likes) values (13, 5, '9/11/2022', 'Lorem ipsum dolor sit amet, consectetuer adipiscing elit. Proin interdum mauris non ligula pellentesque ultrices. Phasellus id sapien in sapien iaculis congue. Vivamus metus arcu, adipiscing molestie, hendrerit at, vulputate vitae, nisl. Aenean lectus. Pellentesque eget nunc. Donec quis orci eget orci vehicula condimentum. Curabitur in libero ut massa volutpat convallis.', 9421);
insert into Insights (InsightID, GeneralResearcher, DateCreated, Content, Likes) values (14, 43, '9/6/2023', 'Donec odio justo, sollicitudin ut, suscipit a, feugiat et, eros. Vestibulum ac est lacinia nisi venenatis tristique. Fusce congue, diam id ornare imperdiet, sapien urna pretium nisl, ut volutpat sapien arcu sed augue. Aliquam erat volutpat. In congue. Etiam justo. Etiam pretium iaculis justo. In hac habitasse platea dictumst. Etiam faucibus cursus urna.', 5532);
insert into Insights (InsightID, GeneralResearcher, DateCreated, Content, Likes) values (15, 74, '12/16/2023', 'Sed vel enim sit amet nunc viverra dapibus. Nulla suscipit ligula in lacus. Curabitur at ipsum ac tellus semper interdum.', 9276);
insert into Insights (InsightID, GeneralResearcher, DateCreated, Content, Likes) values (16, 19, '12/10/2020', 'Vestibulum ante ipsum primis in faucibus orci luctus et ultrices posuere cubilia Curae; Mauris viverra diam vitae quam. Suspendisse potenti. Nullam porttitor lacus at turpis. Donec posuere metus vitae ipsum. Aliquam non mauris. Morbi non lectus. Aliquam sit amet diam in magna bibendum imperdiet. Nullam orci pede, venenatis non, sodales sed, tincidunt eu, felis.', 1730);
insert into Insights (InsightID, GeneralResearcher, DateCreated, Content, Likes) values (17, 17, '2/18/2021', 'Cras mi pede, malesuada in, imperdiet et, commodo vulputate, justo. In blandit ultrices enim. Lorem ipsum dolor sit amet, consectetuer adipiscing elit. Proin interdum mauris non ligula pellentesque ultrices. Phasellus id sapien in sapien iaculis congue. Vivamus metus arcu, adipiscing molestie, hendrerit at, vulputate vitae, nisl.', 527);
insert into Insights (InsightID, GeneralResearcher, DateCreated, Content, Likes) values (18, 20, '12/12/2021', 'In hac habitasse platea dictumst. Etiam faucibus cursus urna. Ut tellus. Nulla ut erat id mauris vulputate elementum. Nullam varius. Nulla facilisi. Cras non velit nec nisi vulputate nonummy.', 4382);
insert into Insights (InsightID, GeneralResearcher, DateCreated, Content, Likes) values (19, 60, '7/23/2022', 'Integer a nibh. In quis justo.', 3227);
insert into Insights (InsightID, GeneralResearcher, DateCreated, Content, Likes) values (20, 41, '3/10/2022', 'Vivamus in felis eu sapien cursus vestibulum. Proin eu mi. Nulla ac enim. In tempor, turpis nec euismod scelerisque, quam turpis adipiscing lorem, vitae mattis nibh ligula nec sem. Duis aliquam convallis nunc. Proin at turpis a pede posuere nonummy.', 9139);
insert into Insights (InsightID, GeneralResearcher, DateCreated, Content, Likes) values (21, 56, '10/2/2021', 'Pellentesque viverra pede ac diam. Cras pellentesque volutpat dui. Maecenas tristique, est et tempus semper, est quam pharetra magna, ac consequat metus sapien ut nunc. Vestibulum ante ipsum primis in faucibus orci luctus et ultrices posuere cubilia Curae; Mauris viverra diam vitae quam. Suspendisse potenti. Nullam porttitor lacus at turpis. Donec posuere metus vitae ipsum. Aliquam non mauris.', 9426);
insert into Insights (InsightID, GeneralResearcher, DateCreated, Content, Likes) values (22, 38, '12/1/2022', 'Suspendisse potenti. Nullam porttitor lacus at turpis. Donec posuere metus vitae ipsum. Aliquam non mauris.', 6401);
insert into Insights (InsightID, GeneralResearcher, DateCreated, Content, Likes) values (23, 64, '5/26/2023', 'Maecenas pulvinar lobortis est. Phasellus sit amet erat. Nulla tempus. Vivamus in felis eu sapien cursus vestibulum. Proin eu mi. Nulla ac enim.', 2153);
insert into Insights (InsightID, GeneralResearcher, DateCreated, Content, Likes) values (24, 48, '11/10/2020', 'Vestibulum rutrum rutrum neque. Aenean auctor gravida sem. Praesent id massa id nisl venenatis lacinia. Aenean sit amet justo. Morbi ut odio. Cras mi pede, malesuada in, imperdiet et, commodo vulputate, justo. In blandit ultrices enim. Lorem ipsum dolor sit amet, consectetuer adipiscing elit. Proin interdum mauris non ligula pellentesque ultrices.', 6639);
insert into Insights (InsightID, GeneralResearcher, DateCreated, Content, Likes) values (25, 10, '1/9/2024', 'Vivamus vestibulum sagittis sapien. Cum sociis natoque penatibus et magnis dis parturient montes, nascetur ridiculus mus. Etiam vel augue. Vestibulum rutrum rutrum neque. Aenean auctor gravida sem. Praesent id massa id nisl venenatis lacinia. Aenean sit amet justo. Morbi ut odio. Cras mi pede, malesuada in, imperdiet et, commodo vulputate, justo. In blandit ultrices enim.', 9380);
insert into Insights (InsightID, GeneralResearcher, DateCreated, Content, Likes) values (26, 7 , '6/24/2022', 'In eleifend quam a odio. In hac habitasse platea dictumst. Maecenas ut massa quis augue luctus tincidunt. Nulla mollis molestie lorem. Quisque ut erat. Curabitur gravida nisi at nibh. In hac habitasse platea dictumst. Aliquam augue quam, sollicitudin vitae, consectetuer eget, rutrum at, lorem. Integer tincidunt ante vel ipsum.', 838);
insert into Insights (InsightID, GeneralResearcher, DateCreated, Content, Likes) values (27, 4 , '2/6/2023', 'Aliquam erat volutpat. In congue. Etiam justo.', 1730);
insert into Insights (InsightID, GeneralResearcher, DateCreated, Content, Likes) values (28, 75, '7/29/2020', 'Phasellus sit amet erat.', 8571);
insert into Insights (InsightID, GeneralResearcher, DateCreated, Content, Likes) values (29, 30, '8/15/2023', 'Nullam porttitor lacus at turpis. Donec posuere metus vitae ipsum. Aliquam non mauris. Morbi non lectus. Aliquam sit amet diam in magna bibendum imperdiet. Nullam orci pede, venenatis non, sodales sed, tincidunt eu, felis. Fusce posuere felis sed lacus. Morbi sem mauris, laoreet ut, rhoncus aliquet, pulvinar sed, nisl. Nunc rhoncus dui vel sem.', 9024);
insert into Insights (InsightID, GeneralResearcher, DateCreated, Content, Likes) values (30, 36, '2/26/2023', 'Pellentesque ultrices mattis odio. Donec vitae nisi. Nam ultrices, libero non mattis pulvinar, nulla pede ullamcorper augue, a suscipit nulla elit ac nulla. Sed vel enim sit amet nunc viverra dapibus. Nulla suscipit ligula in lacus. Curabitur at ipsum ac tellus semper interdum. Mauris ullamcorper purus sit amet nulla.', 9249);
insert into Insights (InsightID, GeneralResearcher, DateCreated, Content, Likes) values (31, 22, '8/2/2022', 'Integer ac neque. Duis bibendum. Morbi non quam nec dui luctus rutrum. Nulla tellus. In sagittis dui vel nisl. Duis ac nibh. Fusce lacus purus, aliquet at, feugiat non, pretium quis, lectus. Suspendisse potenti. In eleifend quam a odio. In hac habitasse platea dictumst.', 7093);
insert into Insights (InsightID, GeneralResearcher, DateCreated, Content, Likes) values (32, 31, '3/28/2022', 'Pellentesque viverra pede ac diam. Cras pellentesque volutpat dui. Maecenas tristique, est et tempus semper, est quam pharetra magna, ac consequat metus sapien ut nunc. Vestibulum ante ipsum primis in faucibus orci luctus et ultrices posuere cubilia Curae; Mauris viverra diam vitae quam. Suspendisse potenti. Nullam porttitor lacus at turpis. Donec posuere metus vitae ipsum. Aliquam non mauris. Morbi non lectus.', 2475);
insert into Insights (InsightID, GeneralResearcher, DateCreated, Content, Likes) values (33, 62, '2/4/2023', 'Pellentesque ultrices mattis odio. Donec vitae nisi. Nam ultrices, libero non mattis pulvinar, nulla pede ullamcorper augue, a suscipit nulla elit ac nulla. Sed vel enim sit amet nunc viverra dapibus. Nulla suscipit ligula in lacus. Curabitur at ipsum ac tellus semper interdum. Mauris ullamcorper purus sit amet nulla.', 384);
insert into Insights (InsightID, GeneralResearcher, DateCreated, Content, Likes) values (34, 15, '3/20/2022', 'In eleifend quam a odio. In hac habitasse platea dictumst. Maecenas ut massa quis augue luctus tincidunt. Nulla mollis molestie lorem. Quisque ut erat. Curabitur gravida nisi at nibh.', 4184);
insert into Insights (InsightID, GeneralResearcher, DateCreated, Content, Likes) values (35, 50, '7/17/2023', 'Suspendisse potenti. Cras in purus eu magna vulputate luctus. Cum sociis natoque penatibus et magnis dis parturient montes, nascetur ridiculus mus. Vivamus vestibulum sagittis sapien. Cum sociis natoque penatibus et magnis dis parturient montes, nascetur ridiculus mus. Etiam vel augue. Vestibulum rutrum rutrum neque.', 7057);
insert into Insights (InsightID, GeneralResearcher, DateCreated, Content, Likes) values (36, 42, '3/3/2023', 'Curabitur at ipsum ac tellus semper interdum. Mauris ullamcorper purus sit amet nulla.', 6162);
insert into Insights (InsightID, GeneralResearcher, DateCreated, Content, Likes) values (37, 71, '7/21/2021', 'Morbi odio odio, elementum eu, interdum eu, tincidunt in, leo. Maecenas pulvinar lobortis est. Phasellus sit amet erat. Nulla tempus.', 8359);
insert into Insights (InsightID, GeneralResearcher, DateCreated, Content, Likes) values (38, 21, '8/7/2020', 'Morbi quis tortor id nulla ultrices aliquet. Maecenas leo odio, condimentum id, luctus nec, molestie sed, justo.', 1230);
insert into Insights (InsightID, GeneralResearcher, DateCreated, Content, Likes) values (39, 34, '9/2/2021', 'Suspendisse ornare consequat lectus. In est risus, auctor sed, tristique in, tempus sit amet, sem. Fusce consequat. Nulla nisl. Nunc nisl. Duis bibendum, felis sed interdum venenatis, turpis enim blandit mi, in porttitor pede justo eu massa. Donec dapibus. Duis at velit eu est congue elementum. In hac habitasse platea dictumst.', 2368);
insert into Insights (InsightID, GeneralResearcher, DateCreated, Content, Likes) values (40, 77, '1/5/2024', 'Proin at turpis a pede posuere nonummy. Integer non velit. Donec diam neque, vestibulum eget, vulputate ut, ultrices vel, augue. Vestibulum ante ipsum primis in faucibus orci luctus et ultrices posuere cubilia Curae; Donec pharetra, magna vestibulum aliquet ultrices, erat tortor sollicitudin mi, sit amet lobortis sapien sapien non mi.', 9558);
insert into Insights (InsightID, GeneralResearcher, DateCreated, Content, Likes) values (41, 47, '1/23/2022', 'Maecenas rhoncus aliquam lacus. Morbi quis tortor id nulla ultrices aliquet. Maecenas leo odio, condimentum id, luctus nec, molestie sed, justo. Pellentesque viverra pede ac diam. Cras pellentesque volutpat dui.', 5318);
insert into Insights (InsightID, GeneralResearcher, DateCreated, Content, Likes) values (42, 78, '10/4/2023', 'Curabitur gravida nisi at nibh. In hac habitasse platea dictumst. Aliquam augue quam, sollicitudin vitae, consectetuer eget, rutrum at, lorem.', 6734);
insert into Insights (InsightID, GeneralResearcher, DateCreated, Content, Likes) values (43, 35, '10/28/2023', 'Vestibulum ante ipsum primis in faucibus orci luctus et ultrices posuere cubilia Curae; Mauris viverra diam vitae quam. Suspendisse potenti. Nullam porttitor lacus at turpis. Donec posuere metus vitae ipsum. Aliquam non mauris.', 7023);
insert into Insights (InsightID, GeneralResearcher, DateCreated, Content, Likes) values (44, 3 , '2/25/2024', 'Cras in purus eu magna vulputate luctus. Cum sociis natoque penatibus et magnis dis parturient montes, nascetur ridiculus mus. Vivamus vestibulum sagittis sapien. Cum sociis natoque penatibus et magnis dis parturient montes, nascetur ridiculus mus. Etiam vel augue. Vestibulum rutrum rutrum neque.', 4935);
insert into Insights (InsightID, GeneralResearcher, DateCreated, Content, Likes) values (45, 12, '1/16/2024', 'Vestibulum ante ipsum primis in faucibus orci luctus et ultrices posuere cubilia Curae; Duis faucibus accumsan odio. Curabitur convallis. Duis consequat dui nec nisi volutpat eleifend. Donec ut dolor. Morbi vel lectus in quam fringilla rhoncus. Mauris enim leo, rhoncus sed, vestibulum sit amet, cursus id, turpis.', 5593);
insert into Insights (InsightID, GeneralResearcher, DateCreated, Content, Likes) values (46, 28, '11/16/2023', 'Curabitur at ipsum ac tellus semper interdum. Mauris ullamcorper purus sit amet nulla. Quisque arcu libero, rutrum ac, lobortis vel, dapibus at, diam.', 4472);
insert into Insights (InsightID, GeneralResearcher, DateCreated, Content, Likes) values (47, 80, '8/27/2022', 'Fusce lacus purus, aliquet at, feugiat non, pretium quis, lectus. Suspendisse potenti. In eleifend quam a odio. In hac habitasse platea dictumst. Maecenas ut massa quis augue luctus tincidunt.', 125);
insert into Insights (InsightID, GeneralResearcher, DateCreated, Content, Likes) values (48, 58, '1/10/2023', 'Cras pellentesque volutpat dui. Maecenas tristique, est et tempus semper, est quam pharetra magna, ac consequat metus sapien ut nunc. Vestibulum ante ipsum primis in faucibus orci luctus et ultrices posuere cubilia Curae; Mauris viverra diam vitae quam. Suspendisse potenti. Nullam porttitor lacus at turpis. Donec posuere metus vitae ipsum. Aliquam non mauris. Morbi non lectus. Aliquam sit amet diam in magna bibendum imperdiet.', 9973);
insert into Insights (InsightID, GeneralResearcher, DateCreated, Content, Likes) values (49, 45, '2/10/2024', 'Donec semper sapien a libero. Nam dui. Proin leo odio, porttitor id, consequat in, consequat ut, nulla. Sed accumsan felis. Ut at dolor quis odio consequat varius. Integer ac leo. Pellentesque ultrices mattis odio. Donec vitae nisi.', 3632);
insert into Insights (InsightID, GeneralResearcher, DateCreated, Content, Likes) values (50, 27, '10/25/2023', 'Proin risus. Praesent lectus. Vestibulum quam sapien, varius ut, blandit non, interdum in, ante.', 434);
insert into Insights (InsightID, GeneralResearcher, DateCreated, Content, Likes) values (51, 69, '1/14/2023', 'Proin eu mi. Nulla ac enim. In tempor, turpis nec euismod scelerisque, quam turpis adipiscing lorem, vitae mattis nibh ligula nec sem. Duis aliquam convallis nunc. Proin at turpis a pede posuere nonummy. Integer non velit. Donec diam neque, vestibulum eget, vulputate ut, ultrices vel, augue. Vestibulum ante ipsum primis in faucibus orci luctus et ultrices posuere cubilia Curae; Donec pharetra, magna vestibulum aliquet ultrices, erat tortor sollicitudin mi, sit amet lobortis sapien sapien non mi. Integer ac neque. Duis bibendum.', 3599);
insert into Insights (InsightID, GeneralResearcher, DateCreated, Content, Likes) values (52, 14, '9/29/2022', 'Ut tellus. Nulla ut erat id mauris vulputate elementum.', 1336);
insert into Insights (InsightID, GeneralResearcher, DateCreated, Content, Likes) values (53, 54, '12/28/2021', 'Curabitur convallis. Duis consequat dui nec nisi volutpat eleifend.', 8998);
insert into Insights (InsightID, GeneralResearcher, DateCreated, Content, Likes) values (54, 16, '10/10/2020', 'In eleifend quam a odio. In hac habitasse platea dictumst. Maecenas ut massa quis augue luctus tincidunt.', 3041);
insert into Insights (InsightID, GeneralResearcher, DateCreated, Content, Likes) values (55, 2 , '2/21/2021', 'In tempor, turpis nec euismod scelerisque, quam turpis adipiscing lorem, vitae mattis nibh ligula nec sem. Duis aliquam convallis nunc. Proin at turpis a pede posuere nonummy. Integer non velit.', 877);
insert into Insights (InsightID, GeneralResearcher, DateCreated, Content, Likes) values (56, 11, '5/15/2020', 'Nam dui. Proin leo odio, porttitor id, consequat in, consequat ut, nulla.', 9159);
insert into Insights (InsightID, GeneralResearcher, DateCreated, Content, Likes) values (57, 26, '2/28/2024', 'Quisque ut erat. Curabitur gravida nisi at nibh. In hac habitasse platea dictumst. Aliquam augue quam, sollicitudin vitae, consectetuer eget, rutrum at, lorem. Integer tincidunt ante vel ipsum. Praesent blandit lacinia erat. Vestibulum sed magna at nunc commodo placerat.', 790);
insert into Insights (InsightID, GeneralResearcher, DateCreated, Content, Likes) values (58, 63, '5/5/2022', 'Vivamus in felis eu sapien cursus vestibulum. Proin eu mi. Nulla ac enim. In tempor, turpis nec euismod scelerisque, quam turpis adipiscing lorem, vitae mattis nibh ligula nec sem. Duis aliquam convallis nunc. Proin at turpis a pede posuere nonummy. Integer non velit. Donec diam neque, vestibulum eget, vulputate ut, ultrices vel, augue. Vestibulum ante ipsum primis in faucibus orci luctus et ultrices posuere cubilia Curae; Donec pharetra, magna vestibulum aliquet ultrices, erat tortor sollicitudin mi, sit amet lobortis sapien sapien non mi. Integer ac neque.', 479);
insert into Insights (InsightID, GeneralResearcher, DateCreated, Content, Likes) values (59, 57, '6/2/2021', 'Phasellus in felis.', 6452);
insert into Insights (InsightID, GeneralResearcher, DateCreated, Content, Likes) values (60, 70, '7/3/2023', 'Suspendisse ornare consequat lectus. In est risus, auctor sed, tristique in, tempus sit amet, sem. Fusce consequat. Nulla nisl. Nunc nisl. Duis bibendum, felis sed interdum venenatis, turpis enim blandit mi, in porttitor pede justo eu massa. Donec dapibus. Duis at velit eu est congue elementum. In hac habitasse platea dictumst. Morbi vestibulum, velit id pretium iaculis, diam erat fermentum justo, nec condimentum neque sapien placerat ante.', 4328);
insert into Insights (InsightID, GeneralResearcher, DateCreated, Content, Likes) values (61, 59, '6/29/2023', 'Maecenas pulvinar lobortis est. Phasellus sit amet erat. Nulla tempus. Vivamus in felis eu sapien cursus vestibulum. Proin eu mi. Nulla ac enim.', 6849);
insert into Insights (InsightID, GeneralResearcher, DateCreated, Content, Likes) values (62, 67, '7/24/2020', 'Nulla nisl. Nunc nisl. Duis bibendum, felis sed interdum venenatis, turpis enim blandit mi, in porttitor pede justo eu massa. Donec dapibus. Duis at velit eu est congue elementum. In hac habitasse platea dictumst. Morbi vestibulum, velit id pretium iaculis, diam erat fermentum justo, nec condimentum neque sapien placerat ante. Nulla justo. Aliquam quis turpis eget elit sodales scelerisque. Mauris sit amet eros.', 7705);
insert into Insights (InsightID, GeneralResearcher, DateCreated, Content, Likes) values (63, 49, '10/23/2023', 'In eleifend quam a odio. In hac habitasse platea dictumst.', 4075);
insert into Insights (InsightID, GeneralResearcher, DateCreated, Content, Likes) values (64, 32, '5/12/2020', 'Vivamus in felis eu sapien cursus vestibulum. Proin eu mi. Nulla ac enim. In tempor, turpis nec euismod scelerisque, quam turpis adipiscing lorem, vitae mattis nibh ligula nec sem. Duis aliquam convallis nunc. Proin at turpis a pede posuere nonummy. Integer non velit. Donec diam neque, vestibulum eget, vulputate ut, ultrices vel, augue. Vestibulum ante ipsum primis in faucibus orci luctus et ultrices posuere cubilia Curae; Donec pharetra, magna vestibulum aliquet ultrices, erat tortor sollicitudin mi, sit amet lobortis sapien sapien non mi. Integer ac neque.', 6486);
insert into Insights (InsightID, GeneralResearcher, DateCreated, Content, Likes) values (65, 68, '8/4/2023', 'Pellentesque at nulla. Suspendisse potenti. Cras in purus eu magna vulputate luctus. Cum sociis natoque penatibus et magnis dis parturient montes, nascetur ridiculus mus.', 7434);
insert into Insights (InsightID, GeneralResearcher, DateCreated, Content, Likes) values (66, 9 , '4/29/2021', 'Nullam varius. Nulla facilisi. Cras non velit nec nisi vulputate nonummy. Maecenas tincidunt lacus at velit. Vivamus vel nulla eget eros elementum pellentesque. Quisque porta volutpat erat. Quisque erat eros, viverra eget, congue eget, semper rutrum, nulla. Nunc purus. Phasellus in felis. Donec semper sapien a libero.', 4718);
insert into Insights (InsightID, GeneralResearcher, DateCreated, Content, Likes) values (67, 29, '7/25/2020', 'Nulla justo. Aliquam quis turpis eget elit sodales scelerisque. Mauris sit amet eros. Suspendisse accumsan tortor quis turpis. Sed ante. Vivamus tortor.', 8765);
insert into Insights (InsightID, GeneralResearcher, DateCreated, Content, Likes) values (68, 76, '10/10/2021', 'Morbi sem mauris, laoreet ut, rhoncus aliquet, pulvinar sed, nisl. Nunc rhoncus dui vel sem. Sed sagittis. Nam congue, risus semper porta volutpat, quam pede lobortis ligula, sit amet eleifend pede libero quis orci. Nullam molestie nibh in lectus. Pellentesque at nulla. Suspendisse potenti. Cras in purus eu magna vulputate luctus. Cum sociis natoque penatibus et magnis dis parturient montes, nascetur ridiculus mus.', 2523);
insert into Insights (InsightID, GeneralResearcher, DateCreated, Content, Likes) values (69, 24, '3/9/2022', 'Proin eu mi. Nulla ac enim. In tempor, turpis nec euismod scelerisque, quam turpis adipiscing lorem, vitae mattis nibh ligula nec sem. Duis aliquam convallis nunc. Proin at turpis a pede posuere nonummy. Integer non velit. Donec diam neque, vestibulum eget, vulputate ut, ultrices vel, augue. Vestibulum ante ipsum primis in faucibus orci luctus et ultrices posuere cubilia Curae; Donec pharetra, magna vestibulum aliquet ultrices, erat tortor sollicitudin mi, sit amet lobortis sapien sapien non mi. Integer ac neque.', 5395);
insert into Insights (InsightID, GeneralResearcher, DateCreated, Content, Likes) values (70, 44, '4/11/2022', 'Nam nulla. Integer pede justo, lacinia eget, tincidunt eget, tempus vel, pede. Morbi porttitor lorem id ligula. Suspendisse ornare consequat lectus. In est risus, auctor sed, tristique in, tempus sit amet, sem.', 6582);
insert into Insights (InsightID, GeneralResearcher, DateCreated, Content, Likes) values (71, 13, '7/27/2023', 'Cras in purus eu magna vulputate luctus. Cum sociis natoque penatibus et magnis dis parturient montes, nascetur ridiculus mus. Vivamus vestibulum sagittis sapien. Cum sociis natoque penatibus et magnis dis parturient montes, nascetur ridiculus mus.', 5705);
insert into Insights (InsightID, GeneralResearcher, DateCreated, Content, Likes) values (72, 79, '6/4/2022', 'Suspendisse accumsan tortor quis turpis. Sed ante. Vivamus tortor. Duis mattis egestas metus.', 7806);
insert into Insights (InsightID, GeneralResearcher, DateCreated, Content, Likes) values (73, 46, '4/26/2021', 'In eleifend quam a odio. In hac habitasse platea dictumst. Maecenas ut massa quis augue luctus tincidunt. Nulla mollis molestie lorem. Quisque ut erat. Curabitur gravida nisi at nibh. In hac habitasse platea dictumst. Aliquam augue quam, sollicitudin vitae, consectetuer eget, rutrum at, lorem.', 1505);
insert into Insights (InsightID, GeneralResearcher, DateCreated, Content, Likes) values (74, 33, '2/23/2024', 'In eleifend quam a odio. In hac habitasse platea dictumst. Maecenas ut massa quis augue luctus tincidunt.', 6599);
insert into Insights (InsightID, GeneralResearcher, DateCreated, Content, Likes) values (75, 25, '6/28/2020', 'Sed sagittis. Nam congue, risus semper porta volutpat, quam pede lobortis ligula, sit amet eleifend pede libero quis orci. Nullam molestie nibh in lectus. Pellentesque at nulla. Suspendisse potenti. Cras in purus eu magna vulputate luctus. Cum sociis natoque penatibus et magnis dis parturient montes, nascetur ridiculus mus. Vivamus vestibulum sagittis sapien. Cum sociis natoque penatibus et magnis dis parturient montes, nascetur ridiculus mus.', 8285);
insert into Insights (InsightID, GeneralResearcher, DateCreated, Content, Likes) values (76, 51, '3/14/2023', 'Phasellus in felis. Donec semper sapien a libero. Nam dui. Proin leo odio, porttitor id, consequat in, consequat ut, nulla. Sed accumsan felis. Ut at dolor quis odio consequat varius. Integer ac leo. Pellentesque ultrices mattis odio.', 846);
insert into Insights (InsightID, GeneralResearcher, DateCreated, Content, Likes) values (77, 73, '6/2/2023', 'Nulla facilisi. Cras non velit nec nisi vulputate nonummy. Maecenas tincidunt lacus at velit. Vivamus vel nulla eget eros elementum pellentesque. Quisque porta volutpat erat. Quisque erat eros, viverra eget, congue eget, semper rutrum, nulla. Nunc purus. Phasellus in felis.', 525);
insert into Insights (InsightID, GeneralResearcher, DateCreated, Content, Likes) values (78, 55, '2/16/2021', 'Nulla facilisi. Cras non velit nec nisi vulputate nonummy. Maecenas tincidunt lacus at velit.', 1475);
insert into Insights (InsightID, GeneralResearcher, DateCreated, Content, Likes) values (79, 65, '1/1/2020', 'Pellentesque ultrices mattis odio. Donec vitae nisi. Nam ultrices, libero non mattis pulvinar, nulla pede ullamcorper augue, a suscipit nulla elit ac nulla. Sed vel enim sit amet nunc viverra dapibus. Nulla suscipit ligula in lacus. Curabitur at ipsum ac tellus semper interdum. Mauris ullamcorper purus sit amet nulla. Quisque arcu libero, rutrum ac, lobortis vel, dapibus at, diam. Nam tristique tortor eu pede.', 3034);
insert into Insights (InsightID, GeneralResearcher, DateCreated, Content, Likes) values (80, 37, '7/31/2020', 'In eleifend quam a odio. In hac habitasse platea dictumst. Maecenas ut massa quis augue luctus tincidunt. Nulla mollis molestie lorem.', 611);

insert into InvestmentAnalytics (AnalyticsID, NumberofDeals, TotalInvested, PortfolioDiversity, PerformanceMetric, VCID) values (1, 350, 224515.99, 4.29, 3.1, 64);
insert into InvestmentAnalytics (AnalyticsID, NumberofDeals, TotalInvested, PortfolioDiversity, PerformanceMetric, VCID) values (2, 370, 418231.8, 2.31, 9.11, 31);
insert into InvestmentAnalytics (AnalyticsID, NumberofDeals, TotalInvested, PortfolioDiversity, PerformanceMetric, VCID) values (3, 24, 721279.36, 2.97, 7.69, 13);
insert into InvestmentAnalytics (AnalyticsID, NumberofDeals, TotalInvested, PortfolioDiversity, PerformanceMetric, VCID) values (4, 123, 248969.17, 7.07, 0.01, 63);
insert into InvestmentAnalytics (AnalyticsID, NumberofDeals, TotalInvested, PortfolioDiversity, PerformanceMetric, VCID) values (5, 47, 65493.13, 1.97, 3.26, 59);
insert into InvestmentAnalytics (AnalyticsID, NumberofDeals, TotalInvested, PortfolioDiversity, PerformanceMetric, VCID) values (6, 257, 724224.98, 6.47, 9.32, 57);
insert into InvestmentAnalytics (AnalyticsID, NumberofDeals, TotalInvested, PortfolioDiversity, PerformanceMetric, VCID) values (7, 108, 831434.3, 2.6, 3.44, 54);
insert into InvestmentAnalytics (AnalyticsID, NumberofDeals, TotalInvested, PortfolioDiversity, PerformanceMetric, VCID) values (8, 141, 719002.34, 4.76, 9.39, 52);
insert into InvestmentAnalytics (AnalyticsID, NumberofDeals, TotalInvested, PortfolioDiversity, PerformanceMetric, VCID) values (9, 294, 198859.87, 4.76, 3.38, 1);
insert into InvestmentAnalytics (AnalyticsID, NumberofDeals, TotalInvested, PortfolioDiversity, PerformanceMetric, VCID) values (10, 104, 424662.84, 2.84, 6.64, 18);
insert into InvestmentAnalytics (AnalyticsID, NumberofDeals, TotalInvested, PortfolioDiversity, PerformanceMetric, VCID) values (11, 180, 965343.56, 6.48, 6.46, 42);
insert into InvestmentAnalytics (AnalyticsID, NumberofDeals, TotalInvested, PortfolioDiversity, PerformanceMetric, VCID) values (12, 248, 664586.57, 1.52, 0.12, 56);
insert into InvestmentAnalytics (AnalyticsID, NumberofDeals, TotalInvested, PortfolioDiversity, PerformanceMetric, VCID) values (13, 138, 114224.54, 8.1, 2.44, 74);
insert into InvestmentAnalytics (AnalyticsID, NumberofDeals, TotalInvested, PortfolioDiversity, PerformanceMetric, VCID) values (14, 315, 212010.48, 2.53, 9.14, 16);
insert into InvestmentAnalytics (AnalyticsID, NumberofDeals, TotalInvested, PortfolioDiversity, PerformanceMetric, VCID) values (15, 159, 210216.44, 0.27, 5.74, 67);
insert into InvestmentAnalytics (AnalyticsID, NumberofDeals, TotalInvested, PortfolioDiversity, PerformanceMetric, VCID) values (16, 405, 631508.58, 1.45, 2.3, 73);
insert into InvestmentAnalytics (AnalyticsID, NumberofDeals, TotalInvested, PortfolioDiversity, PerformanceMetric, VCID) values (17, 445, 640394.58, 1.25, 8.32, 79);
insert into InvestmentAnalytics (AnalyticsID, NumberofDeals, TotalInvested, PortfolioDiversity, PerformanceMetric, VCID) values (18, 47, 734188.65, 8.07, 6.38, 17);
insert into InvestmentAnalytics (AnalyticsID, NumberofDeals, TotalInvested, PortfolioDiversity, PerformanceMetric, VCID) values (19, 412, 262836.78, 3.99, 7.51, 45);
insert into InvestmentAnalytics (AnalyticsID, NumberofDeals, TotalInvested, PortfolioDiversity, PerformanceMetric, VCID) values (20, 66, 656842.9, 7.28, 8.02, 39);
insert into InvestmentAnalytics (AnalyticsID, NumberofDeals, TotalInvested, PortfolioDiversity, PerformanceMetric, VCID) values (21, 13, 439253.28, 0.16, 0.96, 3);
insert into InvestmentAnalytics (AnalyticsID, NumberofDeals, TotalInvested, PortfolioDiversity, PerformanceMetric, VCID) values (22, 103, 324853.66, 7.16, 8.24, 40);
insert into InvestmentAnalytics (AnalyticsID, NumberofDeals, TotalInvested, PortfolioDiversity, PerformanceMetric, VCID) values (23, 99, 974898.41, 3.13, 4.55, 9);
insert into InvestmentAnalytics (AnalyticsID, NumberofDeals, TotalInvested, PortfolioDiversity, PerformanceMetric, VCID) values (24, 109, 66272.96, 9.87, 9.37, 77);
insert into InvestmentAnalytics (AnalyticsID, NumberofDeals, TotalInvested, PortfolioDiversity, PerformanceMetric, VCID) values (25, 381, 53791.41, 6.0, 4.2, 12);
insert into InvestmentAnalytics (AnalyticsID, NumberofDeals, TotalInvested, PortfolioDiversity, PerformanceMetric, VCID) values (26, 251, 653472.08, 8.06, 3.93, 33);
insert into InvestmentAnalytics (AnalyticsID, NumberofDeals, TotalInvested, PortfolioDiversity, PerformanceMetric, VCID) values (27, 361, 806847.37, 2.48, 6.9, 49);
insert into InvestmentAnalytics (AnalyticsID, NumberofDeals, TotalInvested, PortfolioDiversity, PerformanceMetric, VCID) values (28, 345, 458819.33, 0.88, 3.04, 46);
insert into InvestmentAnalytics (AnalyticsID, NumberofDeals, TotalInvested, PortfolioDiversity, PerformanceMetric, VCID) values (29, 455, 273946.39, 5.64, 8.44, 26);
insert into InvestmentAnalytics (AnalyticsID, NumberofDeals, TotalInvested, PortfolioDiversity, PerformanceMetric, VCID) values (30, 257, 841150.3, 2.55, 2.76, 23);
insert into InvestmentAnalytics (AnalyticsID, NumberofDeals, TotalInvested, PortfolioDiversity, PerformanceMetric, VCID) values (31, 42, 914847.01, 6.24, 8.77, 72);
insert into InvestmentAnalytics (AnalyticsID, NumberofDeals, TotalInvested, PortfolioDiversity, PerformanceMetric, VCID) values (32, 260, 448283.36, 3.78, 8.9, 6);
insert into InvestmentAnalytics (AnalyticsID, NumberofDeals, TotalInvested, PortfolioDiversity, PerformanceMetric, VCID) values (33, 396, 271516.08, 9.81, 6.63, 65);
insert into InvestmentAnalytics (AnalyticsID, NumberofDeals, TotalInvested, PortfolioDiversity, PerformanceMetric, VCID) values (34, 294, 484696.63, 9.78, 3.43, 60);
insert into InvestmentAnalytics (AnalyticsID, NumberofDeals, TotalInvested, PortfolioDiversity, PerformanceMetric, VCID) values (35, 461, 744158.16, 4.61, 9.88, 37);
insert into InvestmentAnalytics (AnalyticsID, NumberofDeals, TotalInvested, PortfolioDiversity, PerformanceMetric, VCID) values (36, 25, 902469.98, 8.66, 0.42, 80);
insert into InvestmentAnalytics (AnalyticsID, NumberofDeals, TotalInvested, PortfolioDiversity, PerformanceMetric, VCID) values (37, 15, 550346.14, 7.13, 8.94, 76);
insert into InvestmentAnalytics (AnalyticsID, NumberofDeals, TotalInvested, PortfolioDiversity, PerformanceMetric, VCID) values (38, 75, 835349.53, 5.04, 3.01, 70);
insert into InvestmentAnalytics (AnalyticsID, NumberofDeals, TotalInvested, PortfolioDiversity, PerformanceMetric, VCID) values (39, 41, 239813.44, 9.97, 7.94, 50);
insert into InvestmentAnalytics (AnalyticsID, NumberofDeals, TotalInvested, PortfolioDiversity, PerformanceMetric, VCID) values (40, 203, 67617.27, 2.77, 0.14, 8);
insert into InvestmentAnalytics (AnalyticsID, NumberofDeals, TotalInvested, PortfolioDiversity, PerformanceMetric, VCID) values (41, 22, 479919.66, 8.19, 7.16, 29);
insert into InvestmentAnalytics (AnalyticsID, NumberofDeals, TotalInvested, PortfolioDiversity, PerformanceMetric, VCID) values (42, 370, 787486.35, 6.59, 7.76, 43);
insert into InvestmentAnalytics (AnalyticsID, NumberofDeals, TotalInvested, PortfolioDiversity, PerformanceMetric, VCID) values (43, 101, 849198.78, 0.16, 5.06, 2);
insert into InvestmentAnalytics (AnalyticsID, NumberofDeals, TotalInvested, PortfolioDiversity, PerformanceMetric, VCID) values (44, 201, 140488.49, 8.96, 0.86, 47);
insert into InvestmentAnalytics (AnalyticsID, NumberofDeals, TotalInvested, PortfolioDiversity, PerformanceMetric, VCID) values (45, 378, 420618.6, 5.64, 8.95, 22);
insert into InvestmentAnalytics (AnalyticsID, NumberofDeals, TotalInvested, PortfolioDiversity, PerformanceMetric, VCID) values (46, 208, 45571.93, 5.62, 7.28, 68);
insert into InvestmentAnalytics (AnalyticsID, NumberofDeals, TotalInvested, PortfolioDiversity, PerformanceMetric, VCID) values (47, 110, 704728.97, 6.38, 5.73, 44);
insert into InvestmentAnalytics (AnalyticsID, NumberofDeals, TotalInvested, PortfolioDiversity, PerformanceMetric, VCID) values (48, 327, 817457.4, 5.91, 9.58, 20);
insert into InvestmentAnalytics (AnalyticsID, NumberofDeals, TotalInvested, PortfolioDiversity, PerformanceMetric, VCID) values (49, 38, 164855.34, 1.64, 2.83, 4);
insert into InvestmentAnalytics (AnalyticsID, NumberofDeals, TotalInvested, PortfolioDiversity, PerformanceMetric, VCID) values (50, 93, 466256.56, 2.72, 4.92, 69);
insert into InvestmentAnalytics (AnalyticsID, NumberofDeals, TotalInvested, PortfolioDiversity, PerformanceMetric, VCID) values (51, 294, 686452.49, 6.05, 6.48, 27);
insert into InvestmentAnalytics (AnalyticsID, NumberofDeals, TotalInvested, PortfolioDiversity, PerformanceMetric, VCID) values (52, 356, 612480.01, 9.96, 4.52, 15);
insert into InvestmentAnalytics (AnalyticsID, NumberofDeals, TotalInvested, PortfolioDiversity, PerformanceMetric, VCID) values (53, 364, 138447.16, 4.02, 3.65, 34);
insert into InvestmentAnalytics (AnalyticsID, NumberofDeals, TotalInvested, PortfolioDiversity, PerformanceMetric, VCID) values (54, 71, 202178.35, 0.28, 5.95, 53);
insert into InvestmentAnalytics (AnalyticsID, NumberofDeals, TotalInvested, PortfolioDiversity, PerformanceMetric, VCID) values (55, 138, 498331.92, 3.93, 6.16, 62);
insert into InvestmentAnalytics (AnalyticsID, NumberofDeals, TotalInvested, PortfolioDiversity, PerformanceMetric, VCID) values (56, 161, 556856.34, 8.74, 8.4, 48);
insert into InvestmentAnalytics (AnalyticsID, NumberofDeals, TotalInvested, PortfolioDiversity, PerformanceMetric, VCID) values (57, 106, 202539.01, 1.14, 2.51, 75);
insert into InvestmentAnalytics (AnalyticsID, NumberofDeals, TotalInvested, PortfolioDiversity, PerformanceMetric, VCID) values (58, 304, 902703.96, 6.09, 7.33, 21);
insert into InvestmentAnalytics (AnalyticsID, NumberofDeals, TotalInvested, PortfolioDiversity, PerformanceMetric, VCID) values (59, 387, 424700.01, 5.86, 2.74, 5);
insert into InvestmentAnalytics (AnalyticsID, NumberofDeals, TotalInvested, PortfolioDiversity, PerformanceMetric, VCID) values (60, 316, 223867.81, 1.8, 9.16, 19);
insert into InvestmentAnalytics (AnalyticsID, NumberofDeals, TotalInvested, PortfolioDiversity, PerformanceMetric, VCID) values (61, 37, 516344.52, 5.29, 2.91, 35);
insert into InvestmentAnalytics (AnalyticsID, NumberofDeals, TotalInvested, PortfolioDiversity, PerformanceMetric, VCID) values (62, 142, 322233.78, 3.43, 4.36, 58);
insert into InvestmentAnalytics (AnalyticsID, NumberofDeals, TotalInvested, PortfolioDiversity, PerformanceMetric, VCID) values (63, 61, 5255.2, 3.6, 3.44, 41);
insert into InvestmentAnalytics (AnalyticsID, NumberofDeals, TotalInvested, PortfolioDiversity, PerformanceMetric, VCID) values (64, 126, 94804.85, 3.28, 8.13, 28);
insert into InvestmentAnalytics (AnalyticsID, NumberofDeals, TotalInvested, PortfolioDiversity, PerformanceMetric, VCID) values (65, 420, 47265.32, 6.84, 0.03, 10);
insert into InvestmentAnalytics (AnalyticsID, NumberofDeals, TotalInvested, PortfolioDiversity, PerformanceMetric, VCID) values (66, 217, 268835.53, 6.37, 6.76, 66);
insert into InvestmentAnalytics (AnalyticsID, NumberofDeals, TotalInvested, PortfolioDiversity, PerformanceMetric, VCID) values (67, 33, 261850.62, 6.37, 6.05, 51);
insert into InvestmentAnalytics (AnalyticsID, NumberofDeals, TotalInvested, PortfolioDiversity, PerformanceMetric, VCID) values (68, 14, 601496.54, 1.63, 1.61, 24);
insert into InvestmentAnalytics (AnalyticsID, NumberofDeals, TotalInvested, PortfolioDiversity, PerformanceMetric, VCID) values (69, 154, 308581.75, 2.82, 4.0, 7);
insert into InvestmentAnalytics (AnalyticsID, NumberofDeals, TotalInvested, PortfolioDiversity, PerformanceMetric, VCID) values (70, 286, 121384.92, 4.85, 2.62, 55);
insert into InvestmentAnalytics (AnalyticsID, NumberofDeals, TotalInvested, PortfolioDiversity, PerformanceMetric, VCID) values (71, 53, 789910.96, 6.4, 1.41, 25);
insert into InvestmentAnalytics (AnalyticsID, NumberofDeals, TotalInvested, PortfolioDiversity, PerformanceMetric, VCID) values (72, 157, 316291.9, 1.13, 3.25, 30);
insert into InvestmentAnalytics (AnalyticsID, NumberofDeals, TotalInvested, PortfolioDiversity, PerformanceMetric, VCID) values (73, 308, 108368.12, 2.41, 5.63, 78);
insert into InvestmentAnalytics (AnalyticsID, NumberofDeals, TotalInvested, PortfolioDiversity, PerformanceMetric, VCID) values (74, 405, 39898.82, 8.91, 4.54, 38);
insert into InvestmentAnalytics (AnalyticsID, NumberofDeals, TotalInvested, PortfolioDiversity, PerformanceMetric, VCID) values (75, 30, 287364.78, 3.24, 3.18, 61);
insert into InvestmentAnalytics (AnalyticsID, NumberofDeals, TotalInvested, PortfolioDiversity, PerformanceMetric, VCID) values (76, 429, 709338.34, 9.2, 5.91, 14);
insert into InvestmentAnalytics (AnalyticsID, NumberofDeals, TotalInvested, PortfolioDiversity, PerformanceMetric, VCID) values (77, 12, 986364.68, 2.0, 3.52, 11);
insert into InvestmentAnalytics (AnalyticsID, NumberofDeals, TotalInvested, PortfolioDiversity, PerformanceMetric, VCID) values (78, 109, 692203.8, 6.24, 9.84, 32);
insert into InvestmentAnalytics (AnalyticsID, NumberofDeals, TotalInvested, PortfolioDiversity, PerformanceMetric, VCID) values (79, 197, 64546.4, 3.97, 7.76, 71);
insert into InvestmentAnalytics (AnalyticsID, NumberofDeals, TotalInvested, PortfolioDiversity, PerformanceMetric, VCID) values (80, 476, 17747.84, 3.05, 5.43, 36);

insert into InvestmentOpportunities (OppID, StartupID, FundingRound, Description, Terms) values (1, 40, 'Pre-seed', 'In hac habitasse platea dictumst. Morbi vestibulum, velit id pretium iaculis, diam erat fermentum justo, nec condimentum neque sapien placerat ante. Nulla justo. Aliquam quis turpis eget elit sodales scelerisque. Mauris sit amet eros. Suspendisse accumsan tortor quis turpis.', 'Integer a nibh. In quis justo.');
insert into InvestmentOpportunities (OppID, StartupID, FundingRound, Description, Terms) values (2, 62, 'SeriesA', 'Morbi ut odio. Cras mi pede, malesuada in, imperdiet et, commodo vulputate, justo. In blandit ultrices enim. Lorem ipsum dolor sit amet, consectetuer adipiscing elit. Proin interdum mauris non ligula pellentesque ultrices. Phasellus id sapien in sapien iaculis congue. Vivamus metus arcu, adipiscing molestie, hendrerit at, vulputate vitae, nisl.', 'Proin interdum mauris non ligula pellentesque ultrices.');
insert into InvestmentOpportunities (OppID, StartupID, FundingRound, Description, Terms) values (3, 67, 'Pre-seed', 'Cum sociis natoque penatibus et magnis dis parturient montes, nascetur ridiculus mus. Vivamus vestibulum sagittis sapien. Cum sociis natoque penatibus et magnis dis parturient montes, nascetur ridiculus mus. Etiam vel augue. Vestibulum rutrum rutrum neque. Aenean auctor gravida sem. Praesent id massa id nisl venenatis lacinia. Aenean sit amet justo. Morbi ut odio. Cras mi pede, malesuada in, imperdiet et, commodo vulputate, justo.', 'Sed sagittis.');
insert into InvestmentOpportunities (OppID, StartupID, FundingRound, Description, Terms) values (4, 34, 'Seed', 'In hac habitasse platea dictumst. Aliquam augue quam, sollicitudin vitae, consectetuer eget, rutrum at, lorem. Integer tincidunt ante vel ipsum. Praesent blandit lacinia erat. Vestibulum sed magna at nunc commodo placerat. Praesent blandit. Nam nulla.', 'Nam congue, risus semper porta volutpat, quam pede lobortis ligula, sit amet eleifend pede libero quis orci.');
insert into InvestmentOpportunities (OppID, StartupID, FundingRound, Description, Terms) values (5, 76, 'SeriesA', 'Proin risus. Praesent lectus. Vestibulum quam sapien, varius ut, blandit non, interdum in, ante. Vestibulum ante ipsum primis in faucibus orci luctus et ultrices posuere cubilia Curae; Duis faucibus accumsan odio.', 'Cras non velit nec nisi vulputate nonummy.');
insert into InvestmentOpportunities (OppID, StartupID, FundingRound, Description, Terms) values (6, 72, 'Seed', 'Duis mattis egestas metus. Aenean fermentum. Donec ut mauris eget massa tempor convallis. Nulla neque libero, convallis eget, eleifend luctus, ultricies eu, nibh.', 'Ut at dolor quis odio consequat varius.');
insert into InvestmentOpportunities (OppID, StartupID, FundingRound, Description, Terms) values (7, 73, 'SeriesA', 'Proin at turpis a pede posuere nonummy. Integer non velit.', 'Vivamus tortor.');
insert into InvestmentOpportunities (OppID, StartupID, FundingRound, Description, Terms) values (8, 22, 'SeriesA', 'Vestibulum sed magna at nunc commodo placerat. Praesent blandit.', 'Morbi sem mauris, laoreet ut, rhoncus aliquet, pulvinar sed, nisl.');
insert into InvestmentOpportunities (OppID, StartupID, FundingRound, Description, Terms) values (9, 26, 'SeriesB', 'Aliquam sit amet diam in magna bibendum imperdiet. Nullam orci pede, venenatis non, sodales sed, tincidunt eu, felis.', 'Mauris enim leo, rhoncus sed, vestibulum sit amet, cursus id, turpis.');
insert into InvestmentOpportunities (OppID, StartupID, FundingRound, Description, Terms) values (10, 68, 'SeriesB', 'Nullam varius. Nulla facilisi. Cras non velit nec nisi vulputate nonummy. Maecenas tincidunt lacus at velit.', 'Aenean sit amet justo. Morbi ut odio.');
insert into InvestmentOpportunities (OppID, StartupID, FundingRound, Description, Terms) values (11, 3 , 'Seed', 'Donec dapibus.', 'Maecenas leo odio, condimentum id, luctus nec, molestie sed, justo. Pellentesque viverra pede ac diam.');
insert into InvestmentOpportunities (OppID, StartupID, FundingRound, Description, Terms) values (12, 28, 'Seed', 'Cras in purus eu magna vulputate luctus. Cum sociis natoque penatibus et magnis dis parturient montes, nascetur ridiculus mus. Vivamus vestibulum sagittis sapien.', 'Nunc purus. Phasellus in felis.');
insert into InvestmentOpportunities (OppID, StartupID, FundingRound, Description, Terms) values (13, 23, 'Pre-seed', 'Cras mi pede, malesuada in, imperdiet et, commodo vulputate, justo. In blandit ultrices enim. Lorem ipsum dolor sit amet, consectetuer adipiscing elit. Proin interdum mauris non ligula pellentesque ultrices. Phasellus id sapien in sapien iaculis congue. Vivamus metus arcu, adipiscing molestie, hendrerit at, vulputate vitae, nisl. Aenean lectus. Pellentesque eget nunc. Donec quis orci eget orci vehicula condimentum.', 'Aliquam erat volutpat. In congue.');
insert into InvestmentOpportunities (OppID, StartupID, FundingRound, Description, Terms) values (14, 57, 'Seed', 'Maecenas tristique, est et tempus semper, est quam pharetra magna, ac consequat metus sapien ut nunc. Vestibulum ante ipsum primis in faucibus orci luctus et ultrices posuere cubilia Curae; Mauris viverra diam vitae quam. Suspendisse potenti. Nullam porttitor lacus at turpis. Donec posuere metus vitae ipsum. Aliquam non mauris. Morbi non lectus.', 'Quisque id justo sit amet sapien dignissim vestibulum.');
insert into InvestmentOpportunities (OppID, StartupID, FundingRound, Description, Terms) values (15, 29, 'SeriesA', 'Pellentesque eget nunc. Donec quis orci eget orci vehicula condimentum.', 'Aenean lectus. Pellentesque eget nunc.');
insert into InvestmentOpportunities (OppID, StartupID, FundingRound, Description, Terms) values (16, 60, 'SeriesC', 'Aliquam sit amet diam in magna bibendum imperdiet. Nullam orci pede, venenatis non, sodales sed, tincidunt eu, felis. Fusce posuere felis sed lacus.', 'Donec ut mauris eget massa tempor convallis.');
insert into InvestmentOpportunities (OppID, StartupID, FundingRound, Description, Terms) values (17, 25, 'Seed', 'Donec vitae nisi. Nam ultrices, libero non mattis pulvinar, nulla pede ullamcorper augue, a suscipit nulla elit ac nulla. Sed vel enim sit amet nunc viverra dapibus. Nulla suscipit ligula in lacus. Curabitur at ipsum ac tellus semper interdum. Mauris ullamcorper purus sit amet nulla. Quisque arcu libero, rutrum ac, lobortis vel, dapibus at, diam.', 'Integer tincidunt ante vel ipsum.');
insert into InvestmentOpportunities (OppID, StartupID, FundingRound, Description, Terms) values (18, 30, 'SeriesC', 'Mauris lacinia sapien quis libero. Nullam sit amet turpis elementum ligula vehicula consequat. Morbi a ipsum. Integer a nibh. In quis justo. Maecenas rhoncus aliquam lacus. Morbi quis tortor id nulla ultrices aliquet. Maecenas leo odio, condimentum id, luctus nec, molestie sed, justo. Pellentesque viverra pede ac diam.', 'Duis bibendum. Morbi non quam nec dui luctus rutrum.');
insert into InvestmentOpportunities (OppID, StartupID, FundingRound, Description, Terms) values (19, 42, 'Pre-seed', 'Vestibulum quam sapien, varius ut, blandit non, interdum in, ante. Vestibulum ante ipsum primis in faucibus orci luctus et ultrices posuere cubilia Curae; Duis faucibus accumsan odio. Curabitur convallis.', 'Vivamus in felis eu sapien cursus vestibulum. Proin eu mi.');
insert into InvestmentOpportunities (OppID, StartupID, FundingRound, Description, Terms) values (20, 36, 'SeriesA', 'Vestibulum ante ipsum primis in faucibus orci luctus et ultrices posuere cubilia Curae; Nulla dapibus dolor vel est. Donec odio justo, sollicitudin ut, suscipit a, feugiat et, eros. Vestibulum ac est lacinia nisi venenatis tristique. Fusce congue, diam id ornare imperdiet, sapien urna pretium nisl, ut volutpat sapien arcu sed augue. Aliquam erat volutpat. In congue.', 'Vivamus metus arcu, adipiscing molestie, hendrerit at, vulputate vitae, nisl. Aenean lectus.');
insert into InvestmentOpportunities (OppID, StartupID, FundingRound, Description, Terms) values (21, 6 , 'SeriesB', 'Donec posuere metus vitae ipsum. Aliquam non mauris. Morbi non lectus. Aliquam sit amet diam in magna bibendum imperdiet.', 'Sed sagittis.');
insert into InvestmentOpportunities (OppID, StartupID, FundingRound, Description, Terms) values (22, 44, 'SeriesB', 'Aenean lectus. Pellentesque eget nunc. Donec quis orci eget orci vehicula condimentum. Curabitur in libero ut massa volutpat convallis. Morbi odio odio, elementum eu, interdum eu, tincidunt in, leo. Maecenas pulvinar lobortis est.', 'In blandit ultrices enim. Lorem ipsum dolor sit amet, consectetuer adipiscing elit.');
insert into InvestmentOpportunities (OppID, StartupID, FundingRound, Description, Terms) values (23, 50, 'Pre-seed', 'Nulla ac enim. In tempor, turpis nec euismod scelerisque, quam turpis adipiscing lorem, vitae mattis nibh ligula nec sem. Duis aliquam convallis nunc. Proin at turpis a pede posuere nonummy. Integer non velit. Donec diam neque, vestibulum eget, vulputate ut, ultrices vel, augue. Vestibulum ante ipsum primis in faucibus orci luctus et ultrices posuere cubilia Curae; Donec pharetra, magna vestibulum aliquet ultrices, erat tortor sollicitudin mi, sit amet lobortis sapien sapien non mi. Integer ac neque. Duis bibendum. Morbi non quam nec dui luctus rutrum.', 'In hac habitasse platea dictumst. Morbi vestibulum, velit id pretium iaculis, diam erat fermentum justo, nec condimentum neque sapien placerat ante.');
insert into InvestmentOpportunities (OppID, StartupID, FundingRound, Description, Terms) values (24, 54, 'Seed', 'Nulla nisl. Nunc nisl. Duis bibendum, felis sed interdum venenatis, turpis enim blandit mi, in porttitor pede justo eu massa. Donec dapibus. Duis at velit eu est congue elementum. In hac habitasse platea dictumst. Morbi vestibulum, velit id pretium iaculis, diam erat fermentum justo, nec condimentum neque sapien placerat ante. Nulla justo. Aliquam quis turpis eget elit sodales scelerisque. Mauris sit amet eros.', 'Donec quis orci eget orci vehicula condimentum.');
insert into InvestmentOpportunities (OppID, StartupID, FundingRound, Description, Terms) values (25, 49, 'SeriesB', 'Morbi porttitor lorem id ligula. Suspendisse ornare consequat lectus. In est risus, auctor sed, tristique in, tempus sit amet, sem. Fusce consequat. Nulla nisl. Nunc nisl. Duis bibendum, felis sed interdum venenatis, turpis enim blandit mi, in porttitor pede justo eu massa.', 'Sed vel enim sit amet nunc viverra dapibus.');
insert into InvestmentOpportunities (OppID, StartupID, FundingRound, Description, Terms) values (26, 77, 'SeriesA', 'Suspendisse potenti. In eleifend quam a odio. In hac habitasse platea dictumst. Maecenas ut massa quis augue luctus tincidunt. Nulla mollis molestie lorem. Quisque ut erat. Curabitur gravida nisi at nibh.', 'Nullam porttitor lacus at turpis. Donec posuere metus vitae ipsum.');
insert into InvestmentOpportunities (OppID, StartupID, FundingRound, Description, Terms) values (27, 46, 'SeriesA', 'Aliquam non mauris. Morbi non lectus. Aliquam sit amet diam in magna bibendum imperdiet.', 'Nam ultrices, libero non mattis pulvinar, nulla pede ullamcorper augue, a suscipit nulla elit ac nulla. Sed vel enim sit amet nunc viverra dapibus.');
insert into InvestmentOpportunities (OppID, StartupID, FundingRound, Description, Terms) values (28, 33, 'Seed', 'Nunc purus. Phasellus in felis. Donec semper sapien a libero. Nam dui. Proin leo odio, porttitor id, consequat in, consequat ut, nulla.', 'Aliquam sit amet diam in magna bibendum imperdiet.');
insert into InvestmentOpportunities (OppID, StartupID, FundingRound, Description, Terms) values (29, 78, 'SeriesA', 'Suspendisse potenti. Nullam porttitor lacus at turpis. Donec posuere metus vitae ipsum. Aliquam non mauris. Morbi non lectus. Aliquam sit amet diam in magna bibendum imperdiet. Nullam orci pede, venenatis non, sodales sed, tincidunt eu, felis.', 'Praesent blandit.');
insert into InvestmentOpportunities (OppID, StartupID, FundingRound, Description, Terms) values (30, 48, 'SeriesB', 'Ut at dolor quis odio consequat varius. Integer ac leo. Pellentesque ultrices mattis odio. Donec vitae nisi. Nam ultrices, libero non mattis pulvinar, nulla pede ullamcorper augue, a suscipit nulla elit ac nulla. Sed vel enim sit amet nunc viverra dapibus. Nulla suscipit ligula in lacus. Curabitur at ipsum ac tellus semper interdum.', 'Vestibulum ante ipsum primis in faucibus orci luctus et ultrices posuere cubilia Curae; Mauris viverra diam vitae quam.');
insert into InvestmentOpportunities (OppID, StartupID, FundingRound, Description, Terms) values (31, 70, 'SeriesA', 'Quisque id justo sit amet sapien dignissim vestibulum. Vestibulum ante ipsum primis in faucibus orci luctus et ultrices posuere cubilia Curae; Nulla dapibus dolor vel est. Donec odio justo, sollicitudin ut, suscipit a, feugiat et, eros. Vestibulum ac est lacinia nisi venenatis tristique. Fusce congue, diam id ornare imperdiet, sapien urna pretium nisl, ut volutpat sapien arcu sed augue. Aliquam erat volutpat. In congue.', 'Nulla tellus.');
insert into InvestmentOpportunities (OppID, StartupID, FundingRound, Description, Terms) values (32, 45, 'Pre-seed', 'Duis ac nibh. Fusce lacus purus, aliquet at, feugiat non, pretium quis, lectus. Suspendisse potenti. In eleifend quam a odio.', 'Vivamus tortor. Duis mattis egestas metus.');
insert into InvestmentOpportunities (OppID, StartupID, FundingRound, Description, Terms) values (33, 66, 'SeriesB', 'Maecenas rhoncus aliquam lacus. Morbi quis tortor id nulla ultrices aliquet. Maecenas leo odio, condimentum id, luctus nec, molestie sed, justo. Pellentesque viverra pede ac diam. Cras pellentesque volutpat dui. Maecenas tristique, est et tempus semper, est quam pharetra magna, ac consequat metus sapien ut nunc.', 'Pellentesque eget nunc.');
insert into InvestmentOpportunities (OppID, StartupID, FundingRound, Description, Terms) values (34, 1 , 'SeriesA', 'Sed ante. Vivamus tortor. Duis mattis egestas metus. Aenean fermentum. Donec ut mauris eget massa tempor convallis. Nulla neque libero, convallis eget, eleifend luctus, ultricies eu, nibh. Quisque id justo sit amet sapien dignissim vestibulum. Vestibulum ante ipsum primis in faucibus orci luctus et ultrices posuere cubilia Curae; Nulla dapibus dolor vel est.', 'Donec posuere metus vitae ipsum. Aliquam non mauris.');
insert into InvestmentOpportunities (OppID, StartupID, FundingRound, Description, Terms) values (35, 19, 'SeriesC', 'Morbi vel lectus in quam fringilla rhoncus. Mauris enim leo, rhoncus sed, vestibulum sit amet, cursus id, turpis. Integer aliquet, massa id lobortis convallis, tortor risus dapibus augue, vel accumsan tellus nisi eu orci. Mauris lacinia sapien quis libero.', 'Donec diam neque, vestibulum eget, vulputate ut, ultrices vel, augue. Vestibulum ante ipsum primis in faucibus orci luctus et ultrices posuere cubilia Curae; Donec pharetra, magna vestibulum aliquet ultrices, erat tortor sollicitudin mi, sit amet lobortis sapien sapien non mi.');
insert into InvestmentOpportunities (OppID, StartupID, FundingRound, Description, Terms) values (36, 21, 'SeriesC', 'Duis bibendum. Morbi non quam nec dui luctus rutrum. Nulla tellus. In sagittis dui vel nisl. Duis ac nibh. Fusce lacus purus, aliquet at, feugiat non, pretium quis, lectus. Suspendisse potenti.', 'Cras in purus eu magna vulputate luctus.');
insert into InvestmentOpportunities (OppID, StartupID, FundingRound, Description, Terms) values (37, 74, 'Seed', 'Suspendisse accumsan tortor quis turpis. Sed ante. Vivamus tortor. Duis mattis egestas metus. Aenean fermentum. Donec ut mauris eget massa tempor convallis. Nulla neque libero, convallis eget, eleifend luctus, ultricies eu, nibh. Quisque id justo sit amet sapien dignissim vestibulum. Vestibulum ante ipsum primis in faucibus orci luctus et ultrices posuere cubilia Curae; Nulla dapibus dolor vel est. Donec odio justo, sollicitudin ut, suscipit a, feugiat et, eros.', 'In quis justo.');
insert into InvestmentOpportunities (OppID, StartupID, FundingRound, Description, Terms) values (38, 27, 'SeriesB', 'Aliquam sit amet diam in magna bibendum imperdiet.', 'Maecenas pulvinar lobortis est. Phasellus sit amet erat.');
insert into InvestmentOpportunities (OppID, StartupID, FundingRound, Description, Terms) values (39, 61, 'SeriesA', 'Duis aliquam convallis nunc. Proin at turpis a pede posuere nonummy. Integer non velit. Donec diam neque, vestibulum eget, vulputate ut, ultrices vel, augue. Vestibulum ante ipsum primis in faucibus orci luctus et ultrices posuere cubilia Curae; Donec pharetra, magna vestibulum aliquet ultrices, erat tortor sollicitudin mi, sit amet lobortis sapien sapien non mi. Integer ac neque. Duis bibendum. Morbi non quam nec dui luctus rutrum. Nulla tellus. In sagittis dui vel nisl.', 'Pellentesque viverra pede ac diam. Cras pellentesque volutpat dui.');
insert into InvestmentOpportunities (OppID, StartupID, FundingRound, Description, Terms) values (40, 37, 'SeriesC', 'Aenean sit amet justo. Morbi ut odio. Cras mi pede, malesuada in, imperdiet et, commodo vulputate, justo. In blandit ultrices enim. Lorem ipsum dolor sit amet, consectetuer adipiscing elit.', 'Fusce consequat. Nulla nisl.');
insert into InvestmentOpportunities (OppID, StartupID, FundingRound, Description, Terms) values (41, 12, 'SeriesB', 'Duis mattis egestas metus. Aenean fermentum.', 'Mauris lacinia sapien quis libero. Nullam sit amet turpis elementum ligula vehicula consequat.');
insert into InvestmentOpportunities (OppID, StartupID, FundingRound, Description, Terms) values (42, 32, 'Pre-seed', 'In sagittis dui vel nisl. Duis ac nibh. Fusce lacus purus, aliquet at, feugiat non, pretium quis, lectus.', 'Quisque ut erat.');
insert into InvestmentOpportunities (OppID, StartupID, FundingRound, Description, Terms) values (43, 55, 'Pre-seed', 'Morbi a ipsum. Integer a nibh. In quis justo. Maecenas rhoncus aliquam lacus. Morbi quis tortor id nulla ultrices aliquet. Maecenas leo odio, condimentum id, luctus nec, molestie sed, justo. Pellentesque viverra pede ac diam. Cras pellentesque volutpat dui.', 'Suspendisse potenti.');
insert into InvestmentOpportunities (OppID, StartupID, FundingRound, Description, Terms) values (44, 4 , 'SeriesC', 'In sagittis dui vel nisl. Duis ac nibh. Fusce lacus purus, aliquet at, feugiat non, pretium quis, lectus. Suspendisse potenti.', 'Cras mi pede, malesuada in, imperdiet et, commodo vulputate, justo. In blandit ultrices enim.');
insert into InvestmentOpportunities (OppID, StartupID, FundingRound, Description, Terms) values (45, 38, 'SeriesB', 'Cras in purus eu magna vulputate luctus. Cum sociis natoque penatibus et magnis dis parturient montes, nascetur ridiculus mus. Vivamus vestibulum sagittis sapien. Cum sociis natoque penatibus et magnis dis parturient montes, nascetur ridiculus mus. Etiam vel augue. Vestibulum rutrum rutrum neque. Aenean auctor gravida sem. Praesent id massa id nisl venenatis lacinia. Aenean sit amet justo.', 'Donec odio justo, sollicitudin ut, suscipit a, feugiat et, eros. Vestibulum ac est lacinia nisi venenatis tristique.');
insert into InvestmentOpportunities (OppID, StartupID, FundingRound, Description, Terms) values (46, 69, 'Pre-seed', 'Fusce lacus purus, aliquet at, feugiat non, pretium quis, lectus. Suspendisse potenti. In eleifend quam a odio. In hac habitasse platea dictumst. Maecenas ut massa quis augue luctus tincidunt. Nulla mollis molestie lorem. Quisque ut erat.', 'Suspendisse ornare consequat lectus.');
insert into InvestmentOpportunities (OppID, StartupID, FundingRound, Description, Terms) values (47, 43, 'Seed', 'Pellentesque eget nunc. Donec quis orci eget orci vehicula condimentum. Curabitur in libero ut massa volutpat convallis.', 'Morbi odio odio, elementum eu, interdum eu, tincidunt in, leo. Maecenas pulvinar lobortis est.');
insert into InvestmentOpportunities (OppID, StartupID, FundingRound, Description, Terms) values (48, 8 , 'Pre-seed', 'Cras non velit nec nisi vulputate nonummy. Maecenas tincidunt lacus at velit. Vivamus vel nulla eget eros elementum pellentesque. Quisque porta volutpat erat. Quisque erat eros, viverra eget, congue eget, semper rutrum, nulla. Nunc purus. Phasellus in felis. Donec semper sapien a libero.', 'Vestibulum quam sapien, varius ut, blandit non, interdum in, ante. Vestibulum ante ipsum primis in faucibus orci luctus et ultrices posuere cubilia Curae; Duis faucibus accumsan odio.');
insert into InvestmentOpportunities (OppID, StartupID, FundingRound, Description, Terms) values (49, 20, 'Seed', 'Vivamus in felis eu sapien cursus vestibulum. Proin eu mi. Nulla ac enim. In tempor, turpis nec euismod scelerisque, quam turpis adipiscing lorem, vitae mattis nibh ligula nec sem. Duis aliquam convallis nunc. Proin at turpis a pede posuere nonummy. Integer non velit. Donec diam neque, vestibulum eget, vulputate ut, ultrices vel, augue. Vestibulum ante ipsum primis in faucibus orci luctus et ultrices posuere cubilia Curae; Donec pharetra, magna vestibulum aliquet ultrices, erat tortor sollicitudin mi, sit amet lobortis sapien sapien non mi. Integer ac neque.', 'In blandit ultrices enim.');
insert into InvestmentOpportunities (OppID, StartupID, FundingRound, Description, Terms) values (50, 15, 'Seed', 'Sed sagittis. Nam congue, risus semper porta volutpat, quam pede lobortis ligula, sit amet eleifend pede libero quis orci. Nullam molestie nibh in lectus. Pellentesque at nulla. Suspendisse potenti.', 'Nulla tempus. Vivamus in felis eu sapien cursus vestibulum.');
insert into InvestmentOpportunities (OppID, StartupID, FundingRound, Description, Terms) values (51, 18, 'Seed', 'Nullam sit amet turpis elementum ligula vehicula consequat. Morbi a ipsum. Integer a nibh. In quis justo. Maecenas rhoncus aliquam lacus. Morbi quis tortor id nulla ultrices aliquet. Maecenas leo odio, condimentum id, luctus nec, molestie sed, justo. Pellentesque viverra pede ac diam. Cras pellentesque volutpat dui. Maecenas tristique, est et tempus semper, est quam pharetra magna, ac consequat metus sapien ut nunc.', 'Cras mi pede, malesuada in, imperdiet et, commodo vulputate, justo. In blandit ultrices enim.');
insert into InvestmentOpportunities (OppID, StartupID, FundingRound, Description, Terms) values (52, 58, 'Seed', 'Aliquam augue quam, sollicitudin vitae, consectetuer eget, rutrum at, lorem. Integer tincidunt ante vel ipsum. Praesent blandit lacinia erat. Vestibulum sed magna at nunc commodo placerat.', 'Aliquam quis turpis eget elit sodales scelerisque. Mauris sit amet eros.');
insert into InvestmentOpportunities (OppID, StartupID, FundingRound, Description, Terms) values (53, 14, 'SeriesA', 'Nulla ut erat id mauris vulputate elementum. Nullam varius. Nulla facilisi. Cras non velit nec nisi vulputate nonummy. Maecenas tincidunt lacus at velit. Vivamus vel nulla eget eros elementum pellentesque.', 'Vestibulum ac est lacinia nisi venenatis tristique. Fusce congue, diam id ornare imperdiet, sapien urna pretium nisl, ut volutpat sapien arcu sed augue.');
insert into InvestmentOpportunities (OppID, StartupID, FundingRound, Description, Terms) values (54, 11, 'SeriesB', 'Phasellus sit amet erat. Nulla tempus. Vivamus in felis eu sapien cursus vestibulum. Proin eu mi. Nulla ac enim. In tempor, turpis nec euismod scelerisque, quam turpis adipiscing lorem, vitae mattis nibh ligula nec sem. Duis aliquam convallis nunc. Proin at turpis a pede posuere nonummy. Integer non velit. Donec diam neque, vestibulum eget, vulputate ut, ultrices vel, augue.', 'Integer pede justo, lacinia eget, tincidunt eget, tempus vel, pede.');
insert into InvestmentOpportunities (OppID, StartupID, FundingRound, Description, Terms) values (55, 63, 'SeriesB', 'Proin eu mi. Nulla ac enim. In tempor, turpis nec euismod scelerisque, quam turpis adipiscing lorem, vitae mattis nibh ligula nec sem. Duis aliquam convallis nunc. Proin at turpis a pede posuere nonummy. Integer non velit. Donec diam neque, vestibulum eget, vulputate ut, ultrices vel, augue. Vestibulum ante ipsum primis in faucibus orci luctus et ultrices posuere cubilia Curae; Donec pharetra, magna vestibulum aliquet ultrices, erat tortor sollicitudin mi, sit amet lobortis sapien sapien non mi. Integer ac neque. Duis bibendum.', 'Cras in purus eu magna vulputate luctus. Cum sociis natoque penatibus et magnis dis parturient montes, nascetur ridiculus mus.');
insert into InvestmentOpportunities (OppID, StartupID, FundingRound, Description, Terms) values (56, 10, 'Pre-seed', 'Suspendisse accumsan tortor quis turpis. Sed ante. Vivamus tortor. Duis mattis egestas metus. Aenean fermentum. Donec ut mauris eget massa tempor convallis. Nulla neque libero, convallis eget, eleifend luctus, ultricies eu, nibh. Quisque id justo sit amet sapien dignissim vestibulum.', 'Donec ut dolor. Morbi vel lectus in quam fringilla rhoncus.');
insert into InvestmentOpportunities (OppID, StartupID, FundingRound, Description, Terms) values (57, 41, 'SeriesC', 'In hac habitasse platea dictumst. Morbi vestibulum, velit id pretium iaculis, diam erat fermentum justo, nec condimentum neque sapien placerat ante. Nulla justo. Aliquam quis turpis eget elit sodales scelerisque. Mauris sit amet eros. Suspendisse accumsan tortor quis turpis. Sed ante. Vivamus tortor. Duis mattis egestas metus. Aenean fermentum.', 'Duis ac nibh. Fusce lacus purus, aliquet at, feugiat non, pretium quis, lectus.');
insert into InvestmentOpportunities (OppID, StartupID, FundingRound, Description, Terms) values (58, 65, 'SeriesB', 'Duis ac nibh. Fusce lacus purus, aliquet at, feugiat non, pretium quis, lectus. Suspendisse potenti. In eleifend quam a odio. In hac habitasse platea dictumst. Maecenas ut massa quis augue luctus tincidunt.', 'Etiam vel augue. Vestibulum rutrum rutrum neque.');
insert into InvestmentOpportunities (OppID, StartupID, FundingRound, Description, Terms) values (59, 16, 'Pre-seed', 'Curabitur gravida nisi at nibh. In hac habitasse platea dictumst. Aliquam augue quam, sollicitudin vitae, consectetuer eget, rutrum at, lorem. Integer tincidunt ante vel ipsum. Praesent blandit lacinia erat. Vestibulum sed magna at nunc commodo placerat. Praesent blandit. Nam nulla. Integer pede justo, lacinia eget, tincidunt eget, tempus vel, pede. Morbi porttitor lorem id ligula.', 'Fusce posuere felis sed lacus. Morbi sem mauris, laoreet ut, rhoncus aliquet, pulvinar sed, nisl.');
insert into InvestmentOpportunities (OppID, StartupID, FundingRound, Description, Terms) values (60, 64, 'Pre-seed', 'Phasellus id sapien in sapien iaculis congue. Vivamus metus arcu, adipiscing molestie, hendrerit at, vulputate vitae, nisl. Aenean lectus. Pellentesque eget nunc. Donec quis orci eget orci vehicula condimentum. Curabitur in libero ut massa volutpat convallis.', 'Proin leo odio, porttitor id, consequat in, consequat ut, nulla.');
insert into InvestmentOpportunities (OppID, StartupID, FundingRound, Description, Terms) values (61, 59, 'Pre-seed', 'Morbi sem mauris, laoreet ut, rhoncus aliquet, pulvinar sed, nisl. Nunc rhoncus dui vel sem. Sed sagittis. Nam congue, risus semper porta volutpat, quam pede lobortis ligula, sit amet eleifend pede libero quis orci. Nullam molestie nibh in lectus. Pellentesque at nulla. Suspendisse potenti.', 'Morbi a ipsum.');
insert into InvestmentOpportunities (OppID, StartupID, FundingRound, Description, Terms) values (62, 47, 'Seed', 'Nullam orci pede, venenatis non, sodales sed, tincidunt eu, felis. Fusce posuere felis sed lacus. Morbi sem mauris, laoreet ut, rhoncus aliquet, pulvinar sed, nisl. Nunc rhoncus dui vel sem. Sed sagittis. Nam congue, risus semper porta volutpat, quam pede lobortis ligula, sit amet eleifend pede libero quis orci. Nullam molestie nibh in lectus. Pellentesque at nulla. Suspendisse potenti.', 'Nam ultrices, libero non mattis pulvinar, nulla pede ullamcorper augue, a suscipit nulla elit ac nulla. Sed vel enim sit amet nunc viverra dapibus.');
insert into InvestmentOpportunities (OppID, StartupID, FundingRound, Description, Terms) values (63, 52, 'Pre-seed', 'Pellentesque eget nunc. Donec quis orci eget orci vehicula condimentum. Curabitur in libero ut massa volutpat convallis. Morbi odio odio, elementum eu, interdum eu, tincidunt in, leo. Maecenas pulvinar lobortis est. Phasellus sit amet erat. Nulla tempus.', 'Donec ut dolor.');
insert into InvestmentOpportunities (OppID, StartupID, FundingRound, Description, Terms) values (64, 39, 'SeriesC', 'Quisque porta volutpat erat. Quisque erat eros, viverra eget, congue eget, semper rutrum, nulla. Nunc purus. Phasellus in felis. Donec semper sapien a libero. Nam dui. Proin leo odio, porttitor id, consequat in, consequat ut, nulla. Sed accumsan felis. Ut at dolor quis odio consequat varius.', 'Integer aliquet, massa id lobortis convallis, tortor risus dapibus augue, vel accumsan tellus nisi eu orci.');
insert into InvestmentOpportunities (OppID, StartupID, FundingRound, Description, Terms) values (65, 80, 'SeriesB', 'Nunc nisl. Duis bibendum, felis sed interdum venenatis, turpis enim blandit mi, in porttitor pede justo eu massa. Donec dapibus. Duis at velit eu est congue elementum. In hac habitasse platea dictumst. Morbi vestibulum, velit id pretium iaculis, diam erat fermentum justo, nec condimentum neque sapien placerat ante. Nulla justo. Aliquam quis turpis eget elit sodales scelerisque.', 'Nulla tempus. Vivamus in felis eu sapien cursus vestibulum.');
insert into InvestmentOpportunities (OppID, StartupID, FundingRound, Description, Terms) values (66, 75, 'Pre-seed', 'Quisque arcu libero, rutrum ac, lobortis vel, dapibus at, diam. Nam tristique tortor eu pede.', 'Vivamus vestibulum sagittis sapien. Cum sociis natoque penatibus et magnis dis parturient montes, nascetur ridiculus mus.');
insert into InvestmentOpportunities (OppID, StartupID, FundingRound, Description, Terms) values (67, 31, 'Seed', 'Ut at dolor quis odio consequat varius. Integer ac leo. Pellentesque ultrices mattis odio. Donec vitae nisi. Nam ultrices, libero non mattis pulvinar, nulla pede ullamcorper augue, a suscipit nulla elit ac nulla. Sed vel enim sit amet nunc viverra dapibus. Nulla suscipit ligula in lacus. Curabitur at ipsum ac tellus semper interdum.', 'Proin interdum mauris non ligula pellentesque ultrices. Phasellus id sapien in sapien iaculis congue.');
insert into InvestmentOpportunities (OppID, StartupID, FundingRound, Description, Terms) values (68, 71, 'Seed', 'Praesent lectus. Vestibulum quam sapien, varius ut, blandit non, interdum in, ante.', 'Curabitur gravida nisi at nibh. In hac habitasse platea dictumst.');
insert into InvestmentOpportunities (OppID, StartupID, FundingRound, Description, Terms) values (69, 5 , 'Pre-seed', 'Maecenas tincidunt lacus at velit. Vivamus vel nulla eget eros elementum pellentesque. Quisque porta volutpat erat. Quisque erat eros, viverra eget, congue eget, semper rutrum, nulla.', 'Vestibulum ac est lacinia nisi venenatis tristique. Fusce congue, diam id ornare imperdiet, sapien urna pretium nisl, ut volutpat sapien arcu sed augue.');
insert into InvestmentOpportunities (OppID, StartupID, FundingRound, Description, Terms) values (70, 9 , 'SeriesA', 'Nunc nisl. Duis bibendum, felis sed interdum venenatis, turpis enim blandit mi, in porttitor pede justo eu massa. Donec dapibus.', 'In quis justo. Maecenas rhoncus aliquam lacus.');
insert into InvestmentOpportunities (OppID, StartupID, FundingRound, Description, Terms) values (71, 53, 'Pre-seed', 'Nam ultrices, libero non mattis pulvinar, nulla pede ullamcorper augue, a suscipit nulla elit ac nulla. Sed vel enim sit amet nunc viverra dapibus.', 'Vestibulum ante ipsum primis in faucibus orci luctus et ultrices posuere cubilia Curae; Nulla dapibus dolor vel est.');
insert into InvestmentOpportunities (OppID, StartupID, FundingRound, Description, Terms) values (72, 35, 'Pre-seed', 'Integer pede justo, lacinia eget, tincidunt eget, tempus vel, pede. Morbi porttitor lorem id ligula. Suspendisse ornare consequat lectus. In est risus, auctor sed, tristique in, tempus sit amet, sem. Fusce consequat. Nulla nisl. Nunc nisl. Duis bibendum, felis sed interdum venenatis, turpis enim blandit mi, in porttitor pede justo eu massa. Donec dapibus.', 'Pellentesque eget nunc.');
insert into InvestmentOpportunities (OppID, StartupID, FundingRound, Description, Terms) values (73, 7 , 'SeriesB', 'Fusce congue, diam id ornare imperdiet, sapien urna pretium nisl, ut volutpat sapien arcu sed augue. Aliquam erat volutpat. In congue. Etiam justo.', 'Praesent id massa id nisl venenatis lacinia.');
insert into InvestmentOpportunities (OppID, StartupID, FundingRound, Description, Terms) values (74, 51, 'Pre-seed', 'Integer aliquet, massa id lobortis convallis, tortor risus dapibus augue, vel accumsan tellus nisi eu orci. Mauris lacinia sapien quis libero. Nullam sit amet turpis elementum ligula vehicula consequat.', 'Integer pede justo, lacinia eget, tincidunt eget, tempus vel, pede. Morbi porttitor lorem id ligula.');
insert into InvestmentOpportunities (OppID, StartupID, FundingRound, Description, Terms) values (75, 17, 'Seed', 'Proin at turpis a pede posuere nonummy. Integer non velit. Donec diam neque, vestibulum eget, vulputate ut, ultrices vel, augue. Vestibulum ante ipsum primis in faucibus orci luctus et ultrices posuere cubilia Curae; Donec pharetra, magna vestibulum aliquet ultrices, erat tortor sollicitudin mi, sit amet lobortis sapien sapien non mi. Integer ac neque. Duis bibendum. Morbi non quam nec dui luctus rutrum. Nulla tellus.', 'Vivamus vestibulum sagittis sapien. Cum sociis natoque penatibus et magnis dis parturient montes, nascetur ridiculus mus.');
insert into InvestmentOpportunities (OppID, StartupID, FundingRound, Description, Terms) values (76, 56, 'SeriesB', 'Duis aliquam convallis nunc. Proin at turpis a pede posuere nonummy.', 'Integer tincidunt ante vel ipsum.');
insert into InvestmentOpportunities (OppID, StartupID, FundingRound, Description, Terms) values (77, 79, 'SeriesC', 'Nullam molestie nibh in lectus. Pellentesque at nulla. Suspendisse potenti. Cras in purus eu magna vulputate luctus.', 'Aliquam quis turpis eget elit sodales scelerisque.');
insert into InvestmentOpportunities (OppID, StartupID, FundingRound, Description, Terms) values (78, 13, 'Pre-seed', 'In blandit ultrices enim. Lorem ipsum dolor sit amet, consectetuer adipiscing elit. Proin interdum mauris non ligula pellentesque ultrices. Phasellus id sapien in sapien iaculis congue. Vivamus metus arcu, adipiscing molestie, hendrerit at, vulputate vitae, nisl.', 'Mauris ullamcorper purus sit amet nulla.');
insert into InvestmentOpportunities (OppID, StartupID, FundingRound, Description, Terms) values (79, 2 , 'SeriesC', 'Vestibulum quam sapien, varius ut, blandit non, interdum in, ante. Vestibulum ante ipsum primis in faucibus orci luctus et ultrices posuere cubilia Curae; Duis faucibus accumsan odio.', 'In hac habitasse platea dictumst.');
insert into InvestmentOpportunities (OppID, StartupID, FundingRound, Description, Terms) values (80, 24, 'Pre-seed', 'Fusce posuere felis sed lacus.', 'Praesent lectus. Vestibulum quam sapien, varius ut, blandit non, interdum in, ante.');

insert into InvestmentOpportunityToVC (VCID, OppID) values (36, 30);
insert into InvestmentOpportunityToVC (VCID, OppID) values (50, 32);
insert into InvestmentOpportunityToVC (VCID, OppID) values (10, 8 );
insert into InvestmentOpportunityToVC (VCID, OppID) values (6 , 36);
insert into InvestmentOpportunityToVC (VCID, OppID) values (48, 1 );
insert into InvestmentOpportunityToVC (VCID, OppID) values (57, 59);
insert into InvestmentOpportunityToVC (VCID, OppID) values (4 , 37);
insert into InvestmentOpportunityToVC (VCID, OppID) values (49, 13);
insert into InvestmentOpportunityToVC (VCID, OppID) values (16, 53);
insert into InvestmentOpportunityToVC (VCID, OppID) values (52, 69);
insert into InvestmentOpportunityToVC (VCID, OppID) values (74, 18);
insert into InvestmentOpportunityToVC (VCID, OppID) values (77, 38);
insert into InvestmentOpportunityToVC (VCID, OppID) values (39, 52);
insert into InvestmentOpportunityToVC (VCID, OppID) values (43, 43);
insert into InvestmentOpportunityToVC (VCID, OppID) values (60, 55);
insert into InvestmentOpportunityToVC (VCID, OppID) values (17, 3 );
insert into InvestmentOpportunityToVC (VCID, OppID) values (44, 48);
insert into InvestmentOpportunityToVC (VCID, OppID) values (37, 54);
insert into InvestmentOpportunityToVC (VCID, OppID) values (42, 26);
insert into InvestmentOpportunityToVC (VCID, OppID) values (65, 57);
insert into InvestmentOpportunityToVC (VCID, OppID) values (28, 64);
insert into InvestmentOpportunityToVC (VCID, OppID) values (51, 71);
insert into InvestmentOpportunityToVC (VCID, OppID) values (75, 67);
insert into InvestmentOpportunityToVC (VCID, OppID) values (45, 15);
insert into InvestmentOpportunityToVC (VCID, OppID) values (40, 63);
insert into InvestmentOpportunityToVC (VCID, OppID) values (21, 27);
insert into InvestmentOpportunityToVC (VCID, OppID) values (29, 44);
insert into InvestmentOpportunityToVC (VCID, OppID) values (73, 14);
insert into InvestmentOpportunityToVC (VCID, OppID) values (27, 2 );
insert into InvestmentOpportunityToVC (VCID, OppID) values (62, 74);
insert into InvestmentOpportunityToVC (VCID, OppID) values (3 , 19);
insert into InvestmentOpportunityToVC (VCID, OppID) values (25, 31);
insert into InvestmentOpportunityToVC (VCID, OppID) values (55, 35);
insert into InvestmentOpportunityToVC (VCID, OppID) values (1 , 28);
insert into InvestmentOpportunityToVC (VCID, OppID) values (35, 80);
insert into InvestmentOpportunityToVC (VCID, OppID) values (46, 39);
insert into InvestmentOpportunityToVC (VCID, OppID) values (13, 4 );
insert into InvestmentOpportunityToVC (VCID, OppID) values (71, 22);
insert into InvestmentOpportunityToVC (VCID, OppID) values (7 , 9 );
insert into InvestmentOpportunityToVC (VCID, OppID) values (26, 75);
insert into InvestmentOpportunityToVC (VCID, OppID) values (64, 16);
insert into InvestmentOpportunityToVC (VCID, OppID) values (12, 12);
insert into InvestmentOpportunityToVC (VCID, OppID) values (53, 79);
insert into InvestmentOpportunityToVC (VCID, OppID) values (79, 51);
insert into InvestmentOpportunityToVC (VCID, OppID) values (58, 47);
insert into InvestmentOpportunityToVC (VCID, OppID) values (2 , 60);
insert into InvestmentOpportunityToVC (VCID, OppID) values (14, 56);
insert into InvestmentOpportunityToVC (VCID, OppID) values (72, 77);
insert into InvestmentOpportunityToVC (VCID, OppID) values (70, 76);
insert into InvestmentOpportunityToVC (VCID, OppID) values (23, 29);
insert into InvestmentOpportunityToVC (VCID, OppID) values (15, 5 );
insert into InvestmentOpportunityToVC (VCID, OppID) values (47, 33);
insert into InvestmentOpportunityToVC (VCID, OppID) values (80, 42);
insert into InvestmentOpportunityToVC (VCID, OppID) values (41, 50);
insert into InvestmentOpportunityToVC (VCID, OppID) values (66, 58);
insert into InvestmentOpportunityToVC (VCID, OppID) values (5 , 21);
insert into InvestmentOpportunityToVC (VCID, OppID) values (34, 6 );
insert into InvestmentOpportunityToVC (VCID, OppID) values (24, 49);
insert into InvestmentOpportunityToVC (VCID, OppID) values (76, 10);
insert into InvestmentOpportunityToVC (VCID, OppID) values (20, 23);
insert into InvestmentOpportunityToVC (VCID, OppID) values (30, 17);
insert into InvestmentOpportunityToVC (VCID, OppID) values (19, 40);
insert into InvestmentOpportunityToVC (VCID, OppID) values (68, 68);
insert into InvestmentOpportunityToVC (VCID, OppID) values (32, 61);
insert into InvestmentOpportunityToVC (VCID, OppID) values (69, 65);
insert into InvestmentOpportunityToVC (VCID, OppID) values (11, 45);
insert into InvestmentOpportunityToVC (VCID, OppID) values (33, 24);
insert into InvestmentOpportunityToVC (VCID, OppID) values (8 , 25);
insert into InvestmentOpportunityToVC (VCID, OppID) values (31, 66);
insert into InvestmentOpportunityToVC (VCID, OppID) values (63, 78);
insert into InvestmentOpportunityToVC (VCID, OppID) values (61, 34);
insert into InvestmentOpportunityToVC (VCID, OppID) values (78, 46);
insert into InvestmentOpportunityToVC (VCID, OppID) values (54, 70);
insert into InvestmentOpportunityToVC (VCID, OppID) values (9 , 41);
insert into InvestmentOpportunityToVC (VCID, OppID) values (56, 7 );
insert into InvestmentOpportunityToVC (VCID, OppID) values (67, 62);
insert into InvestmentOpportunityToVC (VCID, OppID) values (38, 11);
insert into InvestmentOpportunityToVC (VCID, OppID) values (18, 20);
insert into InvestmentOpportunityToVC (VCID, OppID) values (59, 72);
insert into InvestmentOpportunityToVC (VCID, OppID) values (22, 73);
insert into InvestmentOpportunityToVC (VCID, OppID) values (28, 76);
insert into InvestmentOpportunityToVC (VCID, OppID) values (69, 7 );
insert into InvestmentOpportunityToVC (VCID, OppID) values (77, 28);
insert into InvestmentOpportunityToVC (VCID, OppID) values (52, 34);
insert into InvestmentOpportunityToVC (VCID, OppID) values (70, 39);
insert into InvestmentOpportunityToVC (VCID, OppID) values (26, 66);
insert into InvestmentOpportunityToVC (VCID, OppID) values (55, 13);
insert into InvestmentOpportunityToVC (VCID, OppID) values (43, 74);
insert into InvestmentOpportunityToVC (VCID, OppID) values (67, 58);
insert into InvestmentOpportunityToVC (VCID, OppID) values (39, 40);
insert into InvestmentOpportunityToVC (VCID, OppID) values (56, 77);
insert into InvestmentOpportunityToVC (VCID, OppID) values (4 , 10);
insert into InvestmentOpportunityToVC (VCID, OppID) values (78, 16);
insert into InvestmentOpportunityToVC (VCID, OppID) values (61, 42);
insert into InvestmentOpportunityToVC (VCID, OppID) values (63, 6 );
insert into InvestmentOpportunityToVC (VCID, OppID) values (80, 3 );
insert into InvestmentOpportunityToVC (VCID, OppID) values (64, 17);
insert into InvestmentOpportunityToVC (VCID, OppID) values (1 , 24);
insert into InvestmentOpportunityToVC (VCID, OppID) values (3 , 53);
insert into InvestmentOpportunityToVC (VCID, OppID) values (36, 69);
insert into InvestmentOpportunityToVC (VCID, OppID) values (17, 57);
insert into InvestmentOpportunityToVC (VCID, OppID) values (15, 12);
insert into InvestmentOpportunityToVC (VCID, OppID) values (57, 37);
insert into InvestmentOpportunityToVC (VCID, OppID) values (11, 30);
insert into InvestmentOpportunityToVC (VCID, OppID) values (30, 50);
insert into InvestmentOpportunityToVC (VCID, OppID) values (49, 36);
insert into InvestmentOpportunityToVC (VCID, OppID) values (65, 41);
insert into InvestmentOpportunityToVC (VCID, OppID) values (62, 64);
insert into InvestmentOpportunityToVC (VCID, OppID) values (44, 20);
insert into InvestmentOpportunityToVC (VCID, OppID) values (10, 73);
insert into InvestmentOpportunityToVC (VCID, OppID) values (38, 23);
insert into InvestmentOpportunityToVC (VCID, OppID) values (18, 14);
insert into InvestmentOpportunityToVC (VCID, OppID) values (7 , 56);
insert into InvestmentOpportunityToVC (VCID, OppID) values (13, 65);
insert into InvestmentOpportunityToVC (VCID, OppID) values (58, 33);
insert into InvestmentOpportunityToVC (VCID, OppID) values (32, 44);
insert into InvestmentOpportunityToVC (VCID, OppID) values (8 , 15);
insert into InvestmentOpportunityToVC (VCID, OppID) values (74, 49);
insert into InvestmentOpportunityToVC (VCID, OppID) values (29, 52);
insert into InvestmentOpportunityToVC (VCID, OppID) values (46, 62);
insert into InvestmentOpportunityToVC (VCID, OppID) values (68, 21);
insert into InvestmentOpportunityToVC (VCID, OppID) values (66, 68);
insert into InvestmentOpportunityToVC (VCID, OppID) values (60, 9 );
insert into InvestmentOpportunityToVC (VCID, OppID) values (48, 26);
insert into InvestmentOpportunityToVC (VCID, OppID) values (35, 8 );
insert into InvestmentOpportunityToVC (VCID, OppID) values (42, 48);
insert into InvestmentOpportunityToVC (VCID, OppID) values (21, 1 );
insert into InvestmentOpportunityToVC (VCID, OppID) values (40, 72);
insert into InvestmentOpportunityToVC (VCID, OppID) values (72, 35);
insert into InvestmentOpportunityToVC (VCID, OppID) values (53, 47);
insert into InvestmentOpportunityToVC (VCID, OppID) values (41, 54);
insert into InvestmentOpportunityToVC (VCID, OppID) values (5 , 2 );
insert into InvestmentOpportunityToVC (VCID, OppID) values (25, 60);
insert into InvestmentOpportunityToVC (VCID, OppID) values (79, 75);
insert into InvestmentOpportunityToVC (VCID, OppID) values (76, 71);
insert into InvestmentOpportunityToVC (VCID, OppID) values (12, 31);
insert into InvestmentOpportunityToVC (VCID, OppID) values (50, 32);
insert into InvestmentOpportunityToVC (VCID, OppID) values (14, 46);
insert into InvestmentOpportunityToVC (VCID, OppID) values (9 , 67);
insert into InvestmentOpportunityToVC (VCID, OppID) values (59, 27);
insert into InvestmentOpportunityToVC (VCID, OppID) values (6 , 79);
insert into InvestmentOpportunityToVC (VCID, OppID) values (54, 43);
insert into InvestmentOpportunityToVC (VCID, OppID) values (47, 61);
insert into InvestmentOpportunityToVC (VCID, OppID) values (34, 78);
insert into InvestmentOpportunityToVC (VCID, OppID) values (2 , 29);
insert into InvestmentOpportunityToVC (VCID, OppID) values (20, 63);
insert into InvestmentOpportunityToVC (VCID, OppID) values (22, 59);
insert into InvestmentOpportunityToVC (VCID, OppID) values (31, 45);
insert into InvestmentOpportunityToVC (VCID, OppID) values (23, 5 );
insert into InvestmentOpportunityToVC (VCID, OppID) values (73, 4 );
insert into InvestmentOpportunityToVC (VCID, OppID) values (19, 22);
insert into InvestmentOpportunityToVC (VCID, OppID) values (33, 70);
insert into InvestmentOpportunityToVC (VCID, OppID) values (27, 19);
insert into InvestmentOpportunityToVC (VCID, OppID) values (75, 38);
insert into InvestmentOpportunityToVC (VCID, OppID) values (24, 11);
insert into InvestmentOpportunityToVC (VCID, OppID) values (51, 51);
insert into InvestmentOpportunityToVC (VCID, OppID) values (16, 25);
insert into InvestmentOpportunityToVC (VCID, OppID) values (45, 55);
insert into InvestmentOpportunityToVC (VCID, OppID) values (71, 18);
insert into InvestmentOpportunityToVC (VCID, OppID) values (10, 80);
insert into InvestmentOpportunityToVC (VCID, OppID) values (49, 38);
insert into InvestmentOpportunityToVC (VCID, OppID) values (39, 73);
insert into InvestmentOpportunityToVC (VCID, OppID) values (54, 18);
insert into InvestmentOpportunityToVC (VCID, OppID) values (64, 58);
insert into InvestmentOpportunityToVC (VCID, OppID) values (41, 79);
insert into InvestmentOpportunityToVC (VCID, OppID) values (13, 26);
insert into InvestmentOpportunityToVC (VCID, OppID) values (22, 21);
insert into InvestmentOpportunityToVC (VCID, OppID) values (63, 10);
insert into InvestmentOpportunityToVC (VCID, OppID) values (69, 78);
insert into InvestmentOpportunityToVC (VCID, OppID) values (33, 48);
insert into InvestmentOpportunityToVC (VCID, OppID) values (9 , 52);
insert into InvestmentOpportunityToVC (VCID, OppID) values (47, 33);
insert into InvestmentOpportunityToVC (VCID, OppID) values (71','3);
insert into InvestmentOpportunityToVC (VCID, OppID) values (12, 49);
insert into InvestmentOpportunityToVC (VCID, OppID) values (52, 72);
insert into InvestmentOpportunityToVC (VCID, OppID) values (19, 67);
insert into InvestmentOpportunityToVC (VCID, OppID) values (27, 47);
insert into InvestmentOpportunityToVC (VCID, OppID) values (55, 50);
insert into InvestmentOpportunityToVC (VCID, OppID) values (16, 12);
insert into InvestmentOpportunityToVC (VCID, OppID) values (67, 13);
insert into InvestmentOpportunityToVC (VCID, OppID) values (70, 22);
insert into InvestmentOpportunityToVC (VCID, OppID) values (23, 2 );
insert into InvestmentOpportunityToVC (VCID, OppID) values (50, 4 );
insert into InvestmentOpportunityToVC (VCID, OppID) values (14, 8 );
insert into InvestmentOpportunityToVC (VCID, OppID) values (18, 60);
insert into InvestmentOpportunityToVC (VCID, OppID) values (4 , 66);
insert into InvestmentOpportunityToVC (VCID, OppID) values (68, 15);
insert into InvestmentOpportunityToVC (VCID, OppID) values (20, 43);
insert into InvestmentOpportunityToVC (VCID, OppID) values (8 , 9 );
insert into InvestmentOpportunityToVC (VCID, OppID) values (56, 35);
insert into InvestmentOpportunityToVC (VCID, OppID) values (40, 54);
insert into InvestmentOpportunityToVC (VCID, OppID) values (7 , 51);
insert into InvestmentOpportunityToVC (VCID, OppID) values (46, 62);
insert into InvestmentOpportunityToVC (VCID, OppID) values (59, 17);
insert into InvestmentOpportunityToVC (VCID, OppID) values (62, 74);
insert into InvestmentOpportunityToVC (VCID, OppID) values (74, 6 );
insert into InvestmentOpportunityToVC (VCID, OppID) values (1 , 32);
insert into InvestmentOpportunityToVC (VCID, OppID) values (35, 76);
insert into InvestmentOpportunityToVC (VCID, OppID) values (15, 80);
insert into InvestmentOpportunityToVC (VCID, OppID) values (25, 40);


insert into Startup (StartupID, acqID, GrowthStage, Industry, Name, City) values (1, 75, 'Seed', 'Technology', 'Bins-Kemmer', 'Unin');
insert into Startup (StartupID, acqID, GrowthStage, Industry, Name, City) values (2, 8, 'Pre-seed', 'Healthcare', 'Willms and Sons', 'Dalai');
insert into Startup (StartupID, acqID, GrowthStage, Industry, Name, City) values (3, null, 'SeriesB', 'Retail', 'Simonis-Murphy', 'Takahagi');
insert into Startup (StartupID, acqID, GrowthStage, Industry, Name, City) values (4, 67, 'SeriesC', 'Education', 'Bechtelar-Ratke', 'Olho Marinho');
insert into Startup (StartupID, acqID, GrowthStage, Industry, Name, City) values (5, null, 'SeriesA', 'Finance', 'Douglas-Emmerich', 'Pasirpanjang');
insert into Startup (StartupID, acqID, GrowthStage, Industry, Name, City) values (6, null, 'Pre-seed', 'Healthcare', 'Bashirian-Hodkiewicz', 'Maigo');
insert into Startup (StartupID, acqID, GrowthStage, Industry, Name, City) values (7, null, 'SeriesA', 'Education', 'Kuphal, Haley and Thompson', 'Rueil-Malmaison');
insert into Startup (StartupID, acqID, GrowthStage, Industry, Name, City) values (8, null, 'Seed', 'Retail', 'Mitchell-Skiles', 'Tianjiaba');
insert into Startup (StartupID, acqID, GrowthStage, Industry, Name, City) values (9, null, 'SeriesC', 'Finance', 'Schumm, West and Hudson', 'Diamantina');
insert into Startup (StartupID, acqID, GrowthStage, Industry, Name, City) values (10, null, 'SeriesB', 'Technology', 'West, Blick and Kuhlman', 'Little Rock');
insert into Startup (StartupID, acqID, GrowthStage, Industry, Name, City) values (11, null, 'SeriesB', 'Technology', 'Funk, Renner and Kassulke', 'Ban Dung');
insert into Startup (StartupID, acqID, GrowthStage, Industry, Name, City) values (12, 15, 'SeriesA', 'Finance', 'Dibbert and Sons', 'Banjar Bias');
insert into Startup (StartupID, acqID, GrowthStage, Industry, Name, City) values (13, null, 'Seed', 'Retail', 'Kirlin-Skiles', 'London');
insert into Startup (StartupID, acqID, GrowthStage, Industry, Name, City) values (14, null, 'Pre-seed', 'Healthcare', 'Vandervort-Bailey', 'Oslo');
insert into Startup (StartupID, acqID, GrowthStage, Industry, Name, City) values (15, null, 'SeriesC', 'Education', 'Wilderman Group', 'Puro');
insert into Startup (StartupID, acqID, GrowthStage, Industry, Name, City) values (16, 7, 'Seed', 'Education', 'Little-Rath', 'Yuyapichis');
insert into Startup (StartupID, acqID, GrowthStage, Industry, Name, City) values (17, null, 'Pre-seed', 'Finance', 'Hilll LLC', 'Xine');
insert into Startup (StartupID, acqID, GrowthStage, Industry, Name, City) values (18, null, 'SeriesC', 'Healthcare', 'VonRueden, Rogahn and Hansen', 'Moravsk Krumlov');
insert into Startup (StartupID, acqID, GrowthStage, Industry, Name, City) values (19, 59, 'SeriesB', 'Technology', 'Hodkiewicz, Ferry and Runolfsson', 'Anta');
insert into Startup (StartupID, acqID, GrowthStage, Industry, Name, City) values (20, null, 'SeriesA', 'Retail', 'Wiegand-Klein', 'Santiago de Mara');
insert into Startup (StartupID, acqID, GrowthStage, Industry, Name, City) values (21, null, 'SeriesB', 'Healthcare', 'Hauck-Trantow', 'Nora');
insert into Startup (StartupID, acqID, GrowthStage, Industry, Name, City) values (22, 52, 'Seed', 'Finance', 'Beer, Nienow and Heller', 'Massawa');
insert into Startup (StartupID, acqID, GrowthStage, Industry, Name, City) values (23, null, 'SeriesC', 'Education', 'Kutch Group', 'Seia');
insert into Startup (StartupID, acqID, GrowthStage, Industry, Name, City) values (24, null, 'Pre-seed', 'Technology', 'Stroman, Kemmer and Leffler', 'Laban');
insert into Startup (StartupID, acqID, GrowthStage, Industry, Name, City) values (25, null, 'SeriesA', 'Retail', 'Gislason LLC', 'Banjiang');
insert into Startup (StartupID, acqID, GrowthStage, Industry, Name, City) values (26, 17, 'SeriesC', 'Technology', 'Keebler and Sons', 'Karangranjong');
insert into Startup (StartupID, acqID, GrowthStage, Industry, Name, City) values (27, 69, 'SeriesA', 'Finance', 'Haag-DuBuque', 'Oelaba');
insert into Startup (StartupID, acqID, GrowthStage, Industry, Name, City) values (28, null, 'SeriesB', 'Healthcare', 'Shanahan Inc', 'Ceper');
insert into Startup (StartupID, acqID, GrowthStage, Industry, Name, City) values (29, 62, 'Seed', 'Education', 'Gusikowski-Block', 'La Guata');
insert into Startup (StartupID, acqID, GrowthStage, Industry, Name, City) values (30, null, 'Pre-seed', 'Retail', 'Emard-Gerhold', 'Arendal');
insert into Startup (StartupID, acqID, GrowthStage, Industry, Name, City) values (31, null, 'Seed', 'Healthcare', 'Dickinson-Runolfsson', 'Richibucto');
insert into Startup (StartupID, acqID, GrowthStage, Industry, Name, City) values (32, null, 'SeriesC', 'Finance', 'Prosacco, Walter and Hegmann', 'Lisewo Malborskie');
insert into Startup (StartupID, acqID, GrowthStage, Industry, Name, City) values (33, null, 'SeriesB', 'Technology', 'Farrell, Casper and Roob', 'Ntobo');
insert into Startup (StartupID, acqID, GrowthStage, Industry, Name, City) values (34, null, 'SeriesA', 'Education', 'Blanda-Gutkowski', 'Gongli');
insert into Startup (StartupID, acqID, GrowthStage, Industry, Name, City) values (35, null, 'Pre-seed', 'Retail', 'Bernier LLC', 'Kriyama');
insert into Startup (StartupID, acqID, GrowthStage, Industry, Name, City) values (36, null, 'Pre-seed', 'Retail', 'Macejkovic-Bayer', 'Baisha');
insert into Startup (StartupID, acqID, GrowthStage, Industry, Name, City) values (37, null, 'SeriesC', 'Finance', 'Klocko-Bergstrom', 'Bijelo Polje');
insert into Startup (StartupID, acqID, GrowthStage, Industry, Name, City) values (38, null, 'SeriesA', 'Healthcare', 'Koelpin-Kuhic', 'Wonosari');
insert into Startup (StartupID, acqID, GrowthStage, Industry, Name, City) values (39, null, 'SeriesB', 'Education', 'Schuster-O''Hara', 'Al Kittah');
insert into Startup (StartupID, acqID, GrowthStage, Industry, Name, City) values (40, null, 'Seed', 'Technology', 'Jacobson Inc', 'Zhireken');
insert into Startup (StartupID, acqID, GrowthStage, Industry, Name, City) values (41, null, 'SeriesA', 'Healthcare', 'Powlowski LLC', 'Vilar do Pinheiro');
insert into Startup (StartupID, acqID, GrowthStage, Industry, Name, City) values (42, null, 'SeriesC', 'Finance', 'Emard-Boyle', 'Aral');
insert into Startup (StartupID, acqID, GrowthStage, Industry, Name, City) values (43, null, 'SeriesB', 'Retail', 'Buckridge and Sons', 'Basa');
insert into Startup (StartupID, acqID, GrowthStage, Industry, Name, City) values (44, null, 'Pre-seed', 'Education', 'Kuhlman, Pollich and Mueller', 'Muarasiau');
insert into Startup (StartupID, acqID, GrowthStage, Industry, Name, City) values (45, null, 'Seed', 'Technology', 'Bednar-Kassulke', 'Sanrao');
insert into Startup (StartupID, acqID, GrowthStage, Industry, Name, City) values (46, null, 'SeriesB', 'Retail', 'Koch and Sons', 'Agios Dimitrios');
insert into Startup (StartupID, acqID, GrowthStage, Industry, Name, City) values (47, 41, 'Seed', 'Education', 'Erdman Group', 'Huaishu');
insert into Startup (StartupID, acqID, GrowthStage, Industry, Name, City) values (48, null, 'Pre-seed', 'Technology', 'Fritsch, Larkin and Cassin', 'Kolonnawa');
insert into Startup (StartupID, acqID, GrowthStage, Industry, Name, City) values (49, null, 'SeriesA', 'Healthcare', 'Adams, Hyatt and Stehr', 'Jianggao');
insert into Startup (StartupID, acqID, GrowthStage, Industry, Name, City) values (50, null, 'SeriesC', 'Finance', 'Quitzon-Aufderhar', 'Torbeck');
insert into Startup (StartupID, acqID, GrowthStage, Industry, Name, City) values (51, null, 'SeriesB', 'Technology', 'Quitzon-Sporer', 'Codrington');
insert into Startup (StartupID, acqID, GrowthStage, Industry, Name, City) values (52, 31, 'Seed', 'Healthcare', 'Schulist and Sons', 'Pittsburgh');
insert into Startup (StartupID, acqID, GrowthStage, Industry, Name, City) values (53, null, 'SeriesC', 'Finance', 'Monahan LLC', 'Huangbu');
insert into Startup (StartupID, acqID, GrowthStage, Industry, Name, City) values (54, null, 'SeriesA', 'Education', 'Pfeffer Group', 'Kandangsapi');
insert into Startup (StartupID, acqID, GrowthStage, Industry, Name, City) values (55, null, 'Pre-seed', 'Retail', 'Ruecker-Wyman', 'Port Colborne');
insert into Startup (StartupID, acqID, GrowthStage, Industry, Name, City) values (56, 13, 'Seed', 'Retail', 'Champlin, Rice and Zulauf', 'Xiadahe');
insert into Startup (StartupID, acqID, GrowthStage, Industry, Name, City) values (57, 68, 'SeriesC', 'Healthcare', 'Johnston, Leannon and Bergnaum', 'Torkanivka');
insert into Startup (StartupID, acqID, GrowthStage, Industry, Name, City) values (58, null, 'Pre-seed', 'Education', 'McDermott, Wolff and Murphy', 'Agnibilkrou');
insert into Startup (StartupID, acqID, GrowthStage, Industry, Name, City) values (59, null, 'SeriesA', 'Finance', 'Paucek-VonRueden', 'Piippola');
insert into Startup (StartupID, acqID, GrowthStage, Industry, Name, City) values (60, null, 'SeriesB', 'Technology', 'O''Connell-Turner', 'Yuta');
insert into Startup (StartupID, acqID, GrowthStage, Industry, Name, City) values (61, null, 'Seed', 'Technology', 'Fahey-Kuphal', 'Lusambo');
insert into Startup (StartupID, acqID, GrowthStage, Industry, Name, City) values (62, 65, 'SeriesB', 'Healthcare', 'Barton, Russel and Aufderhar', 'Vista Alegre');
insert into Startup (StartupID, acqID, GrowthStage, Industry, Name, City) values (63, null, 'SeriesA', 'Education', 'Williamson, Hudson and Rohan', 'Shouxihu');
insert into Startup (StartupID, acqID, GrowthStage, Industry, Name, City) values (64, null, 'Pre-seed', 'Finance', 'Doyle and Sons', 'San Pedro');
insert into Startup (StartupID, acqID, GrowthStage, Industry, Name, City) values (65, 26, 'SeriesC', 'Retail', 'Morissette, Hahn and Bergnaum', 'Polaczyk');
insert into Startup (StartupID, acqID, GrowthStage, Industry, Name, City) values (66, null, 'SeriesC', 'Education', 'Oberbrunner LLC', 'Sydney Mines');
insert into Startup (StartupID, acqID, GrowthStage, Industry, Name, City) values (67, null, 'SeriesA', 'Finance', 'Lesch-Prosacco', 'Kebon Tengah');
insert into Startup (StartupID, acqID, GrowthStage, Industry, Name, City) values (68, null, 'Seed', 'Healthcare', 'Crist and Sons', 'Miskolc');
insert into Startup (StartupID, acqID, GrowthStage, Industry, Name, City) values (69, null, 'SeriesB', 'Retail', 'Luettgen, Bergnaum and Fay', 'Cigaras');
insert into Startup (StartupID, acqID, GrowthStage, Industry, Name, City) values (70, null, 'Pre-seed', 'Technology', 'Gleason LLC', 'Panchagarh');
insert into Startup (StartupID, acqID, GrowthStage, Industry, Name, City) values (71, 11, 'SeriesA', 'Technology', 'Konopelski, Mann and Deckow', 'Margoyoso');
insert into Startup (StartupID, acqID, GrowthStage, Industry, Name, City) values (72, null, 'SeriesB', 'Healthcare', 'Johnson, Hyatt and Zemlak', 'Cipaku');
insert into Startup (StartupID, acqID, GrowthStage, Industry, Name, City) values (73, 79, 'Pre-seed', 'Finance', 'Okuneva and Sons', 'Leran Wetan');
insert into Startup (StartupID, acqID, GrowthStage, Industry, Name, City) values (74, null, 'SeriesC', 'Retail', 'Hagenes, Langosh and Sauer', 'Umbanyar');
insert into Startup (StartupID, acqID, GrowthStage, Industry, Name, City) values (75, null, 'Seed', 'Education', 'Kris-Ryan', 'Venilale');
insert into Startup (StartupID, acqID, GrowthStage, Industry, Name, City) values (76, null, 'SeriesB', 'Education', 'Rath-Hermann', 'Kunw');
insert into Startup (StartupID, acqID, GrowthStage, Industry, Name, City) values (77, null, 'SeriesC', 'Finance', 'Wolff-Jones', 'Gingsir');
insert into Startup (StartupID, acqID, GrowthStage, Industry, Name, City) values (78, null, 'SeriesA', 'Technology', 'Wisoky, Heller and Zemlak', 'Shchigry');
insert into Startup (StartupID, acqID, GrowthStage, Industry, Name, City) values (79, 1, 'Pre-seed', 'Retail', 'Pfeffer and Sons', 'Verdizela');
insert into Startup (StartupID, acqID, GrowthStage, Industry, Name, City) values (80, 23, 'Seed', 'Healthcare', 'D''Amore-Gerlach', 'Mazha');

insert into StartupFounder (StartupID, FounderID) values (78, 40);
insert into StartupFounder (StartupID, FounderID) values (19, 44);
insert into StartupFounder (StartupID, FounderID) values (3, 25);
insert into StartupFounder (StartupID, FounderID) values (4, 15);
insert into StartupFounder (StartupID, FounderID) values (7, 17);
insert into StartupFounder (StartupID, FounderID) values (45, 65);
insert into StartupFounder (StartupID, FounderID) values (44, 31);
insert into StartupFounder (StartupID, FounderID) values (10, 67);
insert into StartupFounder (StartupID, FounderID) values (21, 14);
insert into StartupFounder (StartupID, FounderID) values (67, 21);
insert into StartupFounder (StartupID, FounderID) values (41, 46);
insert into StartupFounder (StartupID, FounderID) values (39, 26);
insert into StartupFounder (StartupID, FounderID) values (79, 53);
insert into StartupFounder (StartupID, FounderID) values (47, 32);
insert into StartupFounder (StartupID, FounderID) values (53, 61);
insert into StartupFounder (StartupID, FounderID) values (32, 36);
insert into StartupFounder (StartupID, FounderID) values (43, 1);
insert into StartupFounder (StartupID, FounderID) values (68, 43);
insert into StartupFounder (StartupID, FounderID) values (25, 79);
insert into StartupFounder (StartupID, FounderID) values (64, 76);
insert into StartupFounder (StartupID, FounderID) values (74, 6);
insert into StartupFounder (StartupID, FounderID) values (49, 60);
insert into StartupFounder (StartupID, FounderID) values (36, 64);
insert into StartupFounder (StartupID, FounderID) values (6, 75);
insert into StartupFounder (StartupID, FounderID) values (80, 69);
insert into StartupFounder (StartupID, FounderID) values (66, 55);
insert into StartupFounder (StartupID, FounderID) values (2, 10);
insert into StartupFounder (StartupID, FounderID) values (38, 30);
insert into StartupFounder (StartupID, FounderID) values (1, 78);
insert into StartupFounder (StartupID, FounderID) values (34, 37);
insert into StartupFounder (StartupID, FounderID) values (29, 70);
insert into StartupFounder (StartupID, FounderID) values (15, 39);
insert into StartupFounder (StartupID, FounderID) values (75, 34);
insert into StartupFounder (StartupID, FounderID) values (26, 24);
insert into StartupFounder (StartupID, FounderID) values (37, 80);
insert into StartupFounder (StartupID, FounderID) values (33, 11);
insert into StartupFounder (StartupID, FounderID) values (55, 38);
insert into StartupFounder (StartupID, FounderID) values (69, 48);
insert into StartupFounder (StartupID, FounderID) values (50, 33);
insert into StartupFounder (StartupID, FounderID) values (71, 23);
insert into StartupFounder (StartupID, FounderID) values (58, 19);
insert into StartupFounder (StartupID, FounderID) values (27, 41);
insert into StartupFounder (StartupID, FounderID) values (13, 57);
insert into StartupFounder (StartupID, FounderID) values (65, 29);
insert into StartupFounder (StartupID, FounderID) values (62, 3);
insert into StartupFounder (StartupID, FounderID) values (8, 28);
insert into StartupFounder (StartupID, FounderID) values (14, 52);
insert into StartupFounder (StartupID, FounderID) values (72, 35);
insert into StartupFounder (StartupID, FounderID) values (28, 71);
insert into StartupFounder (StartupID, FounderID) values (77, 9);
insert into StartupFounder (StartupID, FounderID) values (54, 49);
insert into StartupFounder (StartupID, FounderID) values (76, 4);
insert into StartupFounder (StartupID, FounderID) values (18, 51);
insert into StartupFounder (StartupID, FounderID) values (46, 22);
insert into StartupFounder (StartupID, FounderID) values (5, 27);
insert into StartupFounder (StartupID, FounderID) values (40, 42);
insert into StartupFounder (StartupID, FounderID) values (35, 20);
insert into StartupFounder (StartupID, FounderID) values (61, 62);
insert into StartupFounder (StartupID, FounderID) values (59, 68);
insert into StartupFounder (StartupID, FounderID) values (60, 45);
insert into StartupFounder (StartupID, FounderID) values (30, 59);
insert into StartupFounder (StartupID, FounderID) values (9, 18);
insert into StartupFounder (StartupID, FounderID) values (56, 56);
insert into StartupFounder (StartupID, FounderID) values (23, 50);
insert into StartupFounder (StartupID, FounderID) values (52, 13);
insert into StartupFounder (StartupID, FounderID) values (70, 2);
insert into StartupFounder (StartupID, FounderID) values (22, 7);
insert into StartupFounder (StartupID, FounderID) values (17, 47);
insert into StartupFounder (StartupID, FounderID) values (73, 72);
insert into StartupFounder (StartupID, FounderID) values (57, 73);
insert into StartupFounder (StartupID, FounderID) values (11, 77);
insert into StartupFounder (StartupID, FounderID) values (20, 58);
insert into StartupFounder (StartupID, FounderID) values (16, 16);
insert into StartupFounder (StartupID, FounderID) values (12, 8);
insert into StartupFounder (StartupID, FounderID) values (24, 74);
insert into StartupFounder (StartupID, FounderID) values (48, 12);
insert into StartupFounder (StartupID, FounderID) values (42, 5);
insert into StartupFounder (StartupID, FounderID) values (51, 54);
insert into StartupFounder (StartupID, FounderID) values (31, 66);
insert into StartupFounder (StartupID, FounderID) values (63, 63);
insert into StartupFounder (StartupID, FounderID) values (39, 72);
insert into StartupFounder (StartupID, FounderID) values (63, 70);
insert into StartupFounder (StartupID, FounderID) values (29, 16);
insert into StartupFounder (StartupID, FounderID) values (73, 11);
insert into StartupFounder (StartupID, FounderID) values (25, 10);
insert into StartupFounder (StartupID, FounderID) values (11, 12);
insert into StartupFounder (StartupID, FounderID) values (55, 18);
insert into StartupFounder (StartupID, FounderID) values (52, 62);
insert into StartupFounder (StartupID, FounderID) values (70, 25);
insert into StartupFounder (StartupID, FounderID) values (40, 29);
insert into StartupFounder (StartupID, FounderID) values (3, 54);
insert into StartupFounder (StartupID, FounderID) values (30, 76);
insert into StartupFounder (StartupID, FounderID) values (68, 3);
insert into StartupFounder (StartupID, FounderID) values (76, 35);
insert into StartupFounder (StartupID, FounderID) values (53, 47);
insert into StartupFounder (StartupID, FounderID) values (43, 6);
insert into StartupFounder (StartupID, FounderID) values (45, 36);
insert into StartupFounder (StartupID, FounderID) values (72, 43);
insert into StartupFounder (StartupID, FounderID) values (31, 8);
insert into StartupFounder (StartupID, FounderID) values (14, 69);
insert into StartupFounder (StartupID, FounderID) values (15, 64);
insert into StartupFounder (StartupID, FounderID) values (28, 2);
insert into StartupFounder (StartupID, FounderID) values (48, 15);
insert into StartupFounder (StartupID, FounderID) values (33, 13);
insert into StartupFounder (StartupID, FounderID) values (37, 52);
insert into StartupFounder (StartupID, FounderID) values (2, 30);
insert into StartupFounder (StartupID, FounderID) values (8, 40);
insert into StartupFounder (StartupID, FounderID) values (51, 65);
insert into StartupFounder (StartupID, FounderID) values (10, 26);
insert into StartupFounder (StartupID, FounderID) values (42, 14);
insert into StartupFounder (StartupID, FounderID) values (1, 50);
insert into StartupFounder (StartupID, FounderID) values (6, 79);
insert into StartupFounder (StartupID, FounderID) values (50, 78);
insert into StartupFounder (StartupID, FounderID) values (56, 66);
insert into StartupFounder (StartupID, FounderID) values (46, 60);
insert into StartupFounder (StartupID, FounderID) values (24, 45);
insert into StartupFounder (StartupID, FounderID) values (36, 49);
insert into StartupFounder (StartupID, FounderID) values (18, 44);
insert into StartupFounder (StartupID, FounderID) values (21, 4);
insert into StartupFounder (StartupID, FounderID) values (66, 37);
insert into StartupFounder (StartupID, FounderID) values (4, 41);
insert into StartupFounder (StartupID, FounderID) values (12, 39);
insert into StartupFounder (StartupID, FounderID) values (32, 23);
insert into StartupFounder (StartupID, FounderID) values (23, 56);
insert into StartupFounder (StartupID, FounderID) values (74, 28);
insert into StartupFounder (StartupID, FounderID) values (5, 74);
insert into StartupFounder (StartupID, FounderID) values (58, 61);
insert into StartupFounder (StartupID, FounderID) values (27, 27);
insert into StartupFounder (StartupID, FounderID) values (80, 46);
insert into StartupFounder (StartupID, FounderID) values (16, 42);
insert into StartupFounder (StartupID, FounderID) values (61, 71);
insert into StartupFounder (StartupID, FounderID) values (20, 55);
insert into StartupFounder (StartupID, FounderID) values (26, 77);
insert into StartupFounder (StartupID, FounderID) values (13, 58);
insert into StartupFounder (StartupID, FounderID) values (54, 63);
insert into StartupFounder (StartupID, FounderID) values (44, 57);
insert into StartupFounder (StartupID, FounderID) values (69, 19);
insert into StartupFounder (StartupID, FounderID) values (47, 48);
insert into StartupFounder (StartupID, FounderID) values (49, 34);
insert into StartupFounder (StartupID, FounderID) values (65, 80);
insert into StartupFounder (StartupID, FounderID) values (79, 21);
insert into StartupFounder (StartupID, FounderID) values (9, 7);
insert into StartupFounder (StartupID, FounderID) values (41, 38);
insert into StartupFounder (StartupID, FounderID) values (62, 67);
insert into StartupFounder (StartupID, FounderID) values (78, 73);
insert into StartupFounder (StartupID, FounderID) values (64, 68);
insert into StartupFounder (StartupID, FounderID) values (67, 51);
insert into StartupFounder (StartupID, FounderID) values (77, 17);
insert into StartupFounder (StartupID, FounderID) values (7, 20);
insert into StartupFounder (StartupID, FounderID) values (71, 53);
insert into StartupFounder (StartupID, FounderID) values (38, 22);
insert into StartupFounder (StartupID, FounderID) values (17, 59);
insert into StartupFounder (StartupID, FounderID) values (75, 31);
insert into StartupFounder (StartupID, FounderID) values (19, 33);
insert into StartupFounder (StartupID, FounderID) values (22, 32);
insert into StartupFounder (StartupID, FounderID) values (34, 1);
insert into StartupFounder (StartupID, FounderID) values (59, 5);
insert into StartupFounder (StartupID, FounderID) values (57, 24);
insert into StartupFounder (StartupID, FounderID) values (60, 9);
insert into StartupFounder (StartupID, FounderID) values (35, 23);
insert into StartupFounder (StartupID, FounderID) values (64, 1);
insert into StartupFounder (StartupID, FounderID) values (14, 10);
insert into StartupFounder (StartupID, FounderID) values (7, 38);
insert into StartupFounder (StartupID, FounderID) values (2, 12);
insert into StartupFounder (StartupID, FounderID) values (54, 34);
insert into StartupFounder (StartupID, FounderID) values (11, 71);
insert into StartupFounder (StartupID, FounderID) values (57, 49);
insert into StartupFounder (StartupID, FounderID) values (67, 54);
insert into StartupFounder (StartupID, FounderID) values (22, 64);
insert into StartupFounder (StartupID, FounderID) values (60, 77);
insert into StartupFounder (StartupID, FounderID) values (29, 57);
insert into StartupFounder (StartupID, FounderID) values (53, 58);
insert into StartupFounder (StartupID, FounderID) values (31, 27);
insert into StartupFounder (StartupID, FounderID) values (75, 5);
insert into StartupFounder (StartupID, FounderID) values (10, 65);
insert into StartupFounder (StartupID, FounderID) values (39, 3);
insert into StartupFounder (StartupID, FounderID) values (17, 21);
insert into StartupFounder (StartupID, FounderID) values (5, 35);
insert into StartupFounder (StartupID, FounderID) values (40, 53);
insert into StartupFounder (StartupID, FounderID) values (63, 24);
insert into StartupFounder (StartupID, FounderID) values (73, 40);
insert into StartupFounder (StartupID, FounderID) values (76, 67);
insert into StartupFounder (StartupID, FounderID) values (51, 79);
insert into StartupFounder (StartupID, FounderID) values (45, 13);
insert into StartupFounder (StartupID, FounderID) values (25, 20);
insert into StartupFounder (StartupID, FounderID) values (65, 39);
insert into StartupFounder (StartupID, FounderID) values (27, 76);
insert into StartupFounder (StartupID, FounderID) values (80, 29);
insert into StartupFounder (StartupID, FounderID) values (1, 2);
insert into StartupFounder (StartupID, FounderID) values (55, 43);
insert into StartupFounder (StartupID, FounderID) values (36, 26);
insert into StartupFounder (StartupID, FounderID) values (32, 22);
insert into StartupFounder (StartupID, FounderID) values (78, 17);
insert into StartupFounder (StartupID, FounderID) values (46, 75);
insert into StartupFounder (StartupID, FounderID) values (66, 33);
insert into StartupFounder (StartupID, FounderID) values (37, 9);
insert into StartupFounder (StartupID, FounderID) values (9, 68);
insert into StartupFounder (StartupID, FounderID) values (30, 46);
insert into StartupFounder (StartupID, FounderID) values (4, 50);
insert into StartupFounder (StartupID, FounderID) values (59, 19);


insert into TeamMembers (MemberID, StartupID, Name, PhoneNumber, Email) values (1, 45, 'Clio Macieja', '(194) 9123285', 'cmacieja0@scientificamerican.com');
insert into TeamMembers (MemberID, StartupID, Name, PhoneNumber, Email) values (2, 32, 'Hulda Barnewell', '(578) 9399090', 'hbarnewell1@g.co');
insert into TeamMembers (MemberID, StartupID, Name, PhoneNumber, Email) values (3, 51, 'Kerk Kittle', '(124) 2394291', 'kkittle2@wix.com');
insert into TeamMembers (MemberID, StartupID, Name, PhoneNumber, Email) values (4, 39, 'Gayle Shernock', '(659) 4593080', 'gshernock3@eventbrite.com');
insert into TeamMembers (MemberID, StartupID, Name, PhoneNumber, Email) values (5, 62, 'Wit Luckhurst', '(653) 1669982', 'wluckhurst4@de.vu');
insert into TeamMembers (MemberID, StartupID, Name, PhoneNumber, Email) values (6, 46, 'Davis Baynom', '(838) 1100033', 'dbaynom5@51.la');
insert into TeamMembers (MemberID, StartupID, Name, PhoneNumber, Email) values (7, 23, 'Kimbell Dering', '(637) 5834165', 'kdering6@lulu.com');
insert into TeamMembers (MemberID, StartupID, Name, PhoneNumber, Email) values (8, 63, 'Wallis Whysall', '(936) 9172059', 'wwhysall7@histats.com');
insert into TeamMembers (MemberID, StartupID, Name, PhoneNumber, Email) values (9, 1 , 'Gates Devenport', '(102) 3600730', 'gdevenport8@list-manage.com');
insert into TeamMembers (MemberID, StartupID, Name, PhoneNumber, Email) values (10, 37, 'Glenden McLarty', '(369) 5575880', 'gmclarty9@w3.org');
insert into TeamMembers (MemberID, StartupID, Name, PhoneNumber, Email) values (11, 80, 'Clareta Bamford', '(855) 5671406', 'cbamforda@cbsnews.com');
insert into TeamMembers (MemberID, StartupID, Name, PhoneNumber, Email) values (12, 66, 'Alexei Bigham', '(848) 9474292', 'abighamb@fc2.com');
insert into TeamMembers (MemberID, StartupID, Name, PhoneNumber, Email) values (13, 53, 'Doreen Mongenot', '(339) 8451024', 'dmongenotc@naver.com');
insert into TeamMembers (MemberID, StartupID, Name, PhoneNumber, Email) values (14, 28, 'Giacobo Trevino', '(671) 7957868', 'gtrevinod@yelp.com');
insert into TeamMembers (MemberID, StartupID, Name, PhoneNumber, Email) values (15, 16, 'Bevan Scutching', '(817) 6772834', 'bscutchinge@japanpost.jp');
insert into TeamMembers (MemberID, StartupID, Name, PhoneNumber, Email) values (16, 77, 'Chelsae Cromly', '(938) 4672611', 'ccromlyf@meetup.com');
insert into TeamMembers (MemberID, StartupID, Name, PhoneNumber, Email) values (17, 31, 'Kellen Midgely', '(338) 2949988', 'kmidgelyg@sbwire.com');
insert into TeamMembers (MemberID, StartupID, Name, PhoneNumber, Email) values (18, 64, 'Merissa MacPadene', '(897) 2813006', 'mmacpadeneh@opensource.org');
insert into TeamMembers (MemberID, StartupID, Name, PhoneNumber, Email) values (19, 18, 'Abey Othen', '(235) 5064785', 'aotheni@biglobe.ne.jp');
insert into TeamMembers (MemberID, StartupID, Name, PhoneNumber, Email) values (20, 17, 'Chad Booker', '(534) 8242772', 'cbookerj@shop-pro.jp');
insert into TeamMembers (MemberID, StartupID, Name, PhoneNumber, Email) values (21, 47, 'Genovera Burras', '(606) 7037214', 'gburrask@imageshack.us');
insert into TeamMembers (MemberID, StartupID, Name, PhoneNumber, Email) values (22, 14, 'Shelli Sollam', '(518) 8426755', 'ssollaml@sitemeter.com');
insert into TeamMembers (MemberID, StartupID, Name, PhoneNumber, Email) values (23, 4 , 'Hector Geindre', '(554) 1724634', 'hgeindrem@berkeley.edu');
insert into TeamMembers (MemberID, StartupID, Name, PhoneNumber, Email) values (24, 20, 'Isaak Gabriely', '(646) 1990026', 'igabrielyn@cbslocal.com');
insert into TeamMembers (MemberID, StartupID, Name, PhoneNumber, Email) values (25, 6 , 'Etty Kirkwood', '(613) 5736402', 'ekirkwoodo@rambler.ru');
insert into TeamMembers (MemberID, StartupID, Name, PhoneNumber, Email) values (26, 69, 'Bee Vasyunkin', '(703) 1637129', 'bvasyunkinp@arstechnica.com');
insert into TeamMembers (MemberID, StartupID, Name, PhoneNumber, Email) values (27, 3 , 'Rebecka Pettet', '(733) 6016201', 'rpettetq@oakley.com');
insert into TeamMembers (MemberID, StartupID, Name, PhoneNumber, Email) values (28, 13, 'Tallie Ramble', '(688) 6825372', 'trambler@weibo.com');
insert into TeamMembers (MemberID, StartupID, Name, PhoneNumber, Email) values (29, 40, 'Anita Gunter', '(363) 5465469', 'agunters@com.com');
insert into TeamMembers (MemberID, StartupID, Name, PhoneNumber, Email) values (30, 73, 'Steffen Patis', '(710) 5527051', 'spatist@theguardian.com');
insert into TeamMembers (MemberID, StartupID, Name, PhoneNumber, Email) values (31, 65, 'Germain Mourge', '(448) 7972335', 'gmourgeu@naver.com');
insert into TeamMembers (MemberID, StartupID, Name, PhoneNumber, Email) values (32, 72, 'Silva Keir', '(674) 4037114', 'skeirv@imgur.com');
insert into TeamMembers (MemberID, StartupID, Name, PhoneNumber, Email) values (33, 70, 'Dulcea Lugton', '(195) 7456700', 'dlugtonw@ask.com');
insert into TeamMembers (MemberID, StartupID, Name, PhoneNumber, Email) values (34, 24, 'Elinor Culpen', '(418) 7283271', 'eculpenx@sourceforge.net');
insert into TeamMembers (MemberID, StartupID, Name, PhoneNumber, Email) values (35, 54, 'Jewell Swendell', '(169) 4574323', 'jswendelly@people.com.cn');
insert into TeamMembers (MemberID, StartupID, Name, PhoneNumber, Email) values (36, 44, 'Christalle Wyett', '(790) 7022696', 'cwyettz@berkeley.edu');
insert into TeamMembers (MemberID, StartupID, Name, PhoneNumber, Email) values (37, 43, 'Fanni Butland', '(984) 4734422', 'fbutland10@sciencedirect.com');
insert into TeamMembers (MemberID, StartupID, Name, PhoneNumber, Email) values (38, 76, 'Mellisent Griggs', '(407) 2625669', 'mgriggs11@techcrunch.com');
insert into TeamMembers (MemberID, StartupID, Name, PhoneNumber, Email) values (39, 68, 'Deana Marusik', '(892) 5345997', 'dmarusik12@dailymail.co.uk');
insert into TeamMembers (MemberID, StartupID, Name, PhoneNumber, Email) values (40, 71, 'Sydel Brackley', '(835) 6283979', 'sbrackley13@mit.edu');
insert into TeamMembers (MemberID, StartupID, Name, PhoneNumber, Email) values (41, 75, 'Laure Fisk', '(720) 8702332', 'lfisk14@senate.gov');
insert into TeamMembers (MemberID, StartupID, Name, PhoneNumber, Email) values (42, 35, 'Whitney Cansdale', '(809) 8902848', 'wcansdale15@comcast.net');
insert into TeamMembers (MemberID, StartupID, Name, PhoneNumber, Email) values (43, 12, 'Guglielma Gowen', '(412) 3366194', 'ggowen16@yolasite.com');
insert into TeamMembers (MemberID, StartupID, Name, PhoneNumber, Email) values (44, 30, 'Shelagh Vipan', '(404) 1076675', 'svipan17@arstechnica.com');
insert into TeamMembers (MemberID, StartupID, Name, PhoneNumber, Email) values (45, 34, 'Brandy Wood', '(576) 3455057', 'bwood18@nasa.gov');
insert into TeamMembers (MemberID, StartupID, Name, PhoneNumber, Email) values (46, 8 , 'Helene Sinnett', '(461) 8386779', 'hsinnett19@surveymonkey.com');
insert into TeamMembers (MemberID, StartupID, Name, PhoneNumber, Email) values (47, 7 , 'Kylynn Clementel', '(531) 3893528', 'kclementel1a@bbb.org');
insert into TeamMembers (MemberID, StartupID, Name, PhoneNumber, Email) values (48, 19, 'Rik Petrov', '(282) 1122048', 'rpetrov1b@slate.com');
insert into TeamMembers (MemberID, StartupID, Name, PhoneNumber, Email) values (49, 67, 'Averill Livingstone', '(762) 2315546', 'alivingstone1c@biglobe.ne.jp');
insert into TeamMembers (MemberID, StartupID, Name, PhoneNumber, Email) values (50, 52, 'Lanie Horsfield', '(118) 6664272', 'lhorsfield1d@theguardian.com');
insert into TeamMembers (MemberID, StartupID, Name, PhoneNumber, Email) values (51, 29, 'Eustace Gilston', '(695) 1691593', 'egilston1e@printfriendly.com');
insert into TeamMembers (MemberID, StartupID, Name, PhoneNumber, Email) values (52, 42, 'Georg Buckoke', '(111) 1573795', 'gbuckoke1f@ftc.gov');
insert into TeamMembers (MemberID, StartupID, Name, PhoneNumber, Email) values (53, 9 , 'Frederik Gopsell', '(106) 6752227', 'fgopsell1g@1und1.de');
insert into TeamMembers (MemberID, StartupID, Name, PhoneNumber, Email) values (54, 60, 'Northrup Colten', '(602) 6732289', 'ncolten1h@ca.gov');
insert into TeamMembers (MemberID, StartupID, Name, PhoneNumber, Email) values (55, 61, 'Lizette Whitters', '(200) 3412223', 'lwhitters1i@msu.edu');
insert into TeamMembers (MemberID, StartupID, Name, PhoneNumber, Email) values (56, 11, 'Bonny Clew', '(200) 1683275', 'bclew1j@a8.net');
insert into TeamMembers (MemberID, StartupID, Name, PhoneNumber, Email) values (57, 33, 'Merissa Bohea', '(590) 1154418', 'mbohea1k@disqus.com');
insert into TeamMembers (MemberID, StartupID, Name, PhoneNumber, Email) values (58, 10, 'Guntar Elves', '(645) 2194723', 'gelves1l@trellian.com');
insert into TeamMembers (MemberID, StartupID, Name, PhoneNumber, Email) values (59, 41, 'Emlyn Clarricoates', '(863) 4929801', 'eclarricoates1m@abc.net.au');
insert into TeamMembers (MemberID, StartupID, Name, PhoneNumber, Email) values (60, 78, 'Deane Werendell', '(311) 9683189', 'dwerendell1n@indiegogo.com');
insert into TeamMembers (MemberID, StartupID, Name, PhoneNumber, Email) values (61, 57, 'Iorgo Swatheridge', '(857) 7240387', 'iswatheridge1o@census.gov');
insert into TeamMembers (MemberID, StartupID, Name, PhoneNumber, Email) values (62, 58, 'Janot Glencrosche', '(101) 2287841', 'jglencrosche1p@usgs.gov');
insert into TeamMembers (MemberID, StartupID, Name, PhoneNumber, Email) values (63, 27, 'Garnet Oxbrow', '(149) 8896222', 'goxbrow1q@merriam-webster.com');
insert into TeamMembers (MemberID, StartupID, Name, PhoneNumber, Email) values (64, 36, 'Miguela Crippen', '(247) 2405979', 'mcrippen1r@globo.com');
insert into TeamMembers (MemberID, StartupID, Name, PhoneNumber, Email) values (65, 21, 'Bary Vlasyuk', '(200) 1808488', 'bvlasyuk1s@boston.com');
insert into TeamMembers (MemberID, StartupID, Name, PhoneNumber, Email) values (66, 2 , 'Thelma Skillington', '(901) 9071104', 'tskillington1t@delicious.com');
insert into TeamMembers (MemberID, StartupID, Name, PhoneNumber, Email) values (67, 48, 'Eimile Hitchens', '(465) 7239899', 'ehitchens1u@gmpg.org');
insert into TeamMembers (MemberID, StartupID, Name, PhoneNumber, Email) values (68, 49, 'Neilla Orry', '(321) 3842718', 'norry1v@irs.gov');
insert into TeamMembers (MemberID, StartupID, Name, PhoneNumber, Email) values (69, 5 , 'Windy Spours', '(626) 9360008', 'wspours1w@wix.com');
insert into TeamMembers (MemberID, StartupID, Name, PhoneNumber, Email) values (70, 74, 'Dar Quincey', '(221) 8408578', 'dquincey1x@wordpress.com');
insert into TeamMembers (MemberID, StartupID, Name, PhoneNumber, Email) values (71, 56, 'Almire Robben', '(763) 7014851', 'arobben1y@godaddy.com');
insert into TeamMembers (MemberID, StartupID, Name, PhoneNumber, Email) values (72, 38, 'Davy Curnnokk', '(871) 4233737', 'dcurnnokk1z@oracle.com');
insert into TeamMembers (MemberID, StartupID, Name, PhoneNumber, Email) values (73, 79, 'Stewart Denekamp', '(746) 6948786', 'sdenekamp20@mapquest.com');
insert into TeamMembers (MemberID, StartupID, Name, PhoneNumber, Email) values (74, 22, 'Lennie Govern', '(627) 2810207', 'lgovern21@google.co.uk');
insert into TeamMembers (MemberID, StartupID, Name, PhoneNumber, Email) values (75, 15, 'Yank Coundley', '(186) 8060530', 'ycoundley22@hexun.com');
insert into TeamMembers (MemberID, StartupID, Name, PhoneNumber, Email) values (76, 26, 'Delora Murrill', '(614) 4418106', 'dmurrill23@purevolume.com');
insert into TeamMembers (MemberID, StartupID, Name, PhoneNumber, Email) values (77, 59, 'Sari Gillatt', '(960) 1297065', 'sgillatt24@google.fr');
insert into TeamMembers (MemberID, StartupID, Name, PhoneNumber, Email) values (78, 50, 'Ryley Franc', '(164) 9426961', 'rfranc25@java.com');
insert into TeamMembers (MemberID, StartupID, Name, PhoneNumber, Email) values (79, 25, 'Lurlene Nisbet', '(136) 2414768', 'lnisbet26@jalbum.net');
insert into TeamMembers (MemberID, StartupID, Name, PhoneNumber, Email) values (80, 80, 'Abdul Burhill', '(669) 5068052', 'aburhill27@howstuffworks.com');

insert into VentureCapitalist (VCID, Name, Industry_Preference, PortfolioSize) values (1, 'Marks, Lueilwitz and Franecki', 'Technology', 93);
insert into VentureCapitalist (VCID, Name, Industry_Preference, PortfolioSize) values (2, 'Hilll-Witting', 'Healthcare', 84);
insert into VentureCapitalist (VCID, Name, Industry_Preference, PortfolioSize) values (3, 'Weimann and Sons', 'Education', 16);
insert into VentureCapitalist (VCID, Name, Industry_Preference, PortfolioSize) values (4, 'Lynch LLC', 'Education', 93);
insert into VentureCapitalist (VCID, Name, Industry_Preference, PortfolioSize) values (5, 'Hudson, Gibson and Goyette', 'Retail', 8);
insert into VentureCapitalist (VCID, Name, Industry_Preference, PortfolioSize) values (6, 'Boyle, Schoen and Bernhard', 'Education', 95);
insert into VentureCapitalist (VCID, Name, Industry_Preference, PortfolioSize) values (7, 'Rohan and Sons', 'Healthcare', 90);
insert into VentureCapitalist (VCID, Name, Industry_Preference, PortfolioSize) values (8, 'Murray-Stanton', 'Finance', 29);
insert into VentureCapitalist (VCID, Name, Industry_Preference, PortfolioSize) values (9, 'Jacobs Inc', 'Finance', 87);
insert into VentureCapitalist (VCID, Name, Industry_Preference, PortfolioSize) values (10, 'Kovacek LLC', 'Retail', 52);
insert into VentureCapitalist (VCID, Name, Industry_Preference, PortfolioSize) values (11, 'Zboncak-Halvorson', 'Healthcare', 67);
insert into VentureCapitalist (VCID, Name, Industry_Preference, PortfolioSize) values (12, 'Davis Group', 'Education', 87);
insert into VentureCapitalist (VCID, Name, Industry_Preference, PortfolioSize) values (13, 'Sawayn, Graham and Parker', 'Technology', 66);
insert into VentureCapitalist (VCID, Name, Industry_Preference, PortfolioSize) values (14, 'Shanahan-Baumbach', 'Healthcare', 2);
insert into VentureCapitalist (VCID, Name, Industry_Preference, PortfolioSize) values (15, 'Littel-Labadie', 'Retail', 80);
insert into VentureCapitalist (VCID, Name, Industry_Preference, PortfolioSize) values (16, 'Sporer-Stoltenberg', 'Technology', 25);
insert into VentureCapitalist (VCID, Name, Industry_Preference, PortfolioSize) values (17, 'McGlynn and Sons', 'Retail', 14);
insert into VentureCapitalist (VCID, Name, Industry_Preference, PortfolioSize) values (18, 'Wehner Group', 'Retail', 93);
insert into VentureCapitalist (VCID, Name, Industry_Preference, PortfolioSize) values (19, 'Wolf and Sons', 'Finance', 97);
insert into VentureCapitalist (VCID, Name, Industry_Preference, PortfolioSize) values (20, 'Corkery Inc', 'Healthcare', 10);
insert into VentureCapitalist (VCID, Name, Industry_Preference, PortfolioSize) values (21, 'Homenick-Pagac', 'Retail', 20);
insert into VentureCapitalist (VCID, Name, Industry_Preference, PortfolioSize) values (22, 'Ondricka, Kessler and Swaniawski', 'Healthcare', 38);
insert into VentureCapitalist (VCID, Name, Industry_Preference, PortfolioSize) values (23, 'Stokes, Bruen and Harris', 'Education', 16);
insert into VentureCapitalist (VCID, Name, Industry_Preference, PortfolioSize) values (24, 'Murray LLC', 'Education', 76);
insert into VentureCapitalist (VCID, Name, Industry_Preference, PortfolioSize) values (25, 'Jenkins Group', 'Retail', 87);
insert into VentureCapitalist (VCID, Name, Industry_Preference, PortfolioSize) values (26, 'Wisozk, Hettinger and Rowe', 'Finance', 77);
insert into VentureCapitalist (VCID, Name, Industry_Preference, PortfolioSize) values (27, 'Gerlach and Sons', 'Healthcare', 31);
insert into VentureCapitalist (VCID, Name, Industry_Preference, PortfolioSize) values (28, 'Ferry-Brown', 'Technology', 2);
insert into VentureCapitalist (VCID, Name, Industry_Preference, PortfolioSize) values (29, 'Nader Group', 'Healthcare', 26);
insert into VentureCapitalist (VCID, Name, Industry_Preference, PortfolioSize) values (30, 'Watsica-Corwin', 'Healthcare', 69);
insert into VentureCapitalist (VCID, Name, Industry_Preference, PortfolioSize) values (31, 'Mann Group', 'Retail', 18);
insert into VentureCapitalist (VCID, Name, Industry_Preference, PortfolioSize) values (32, 'Cormier-Schroeder', 'Technology', 42);
insert into VentureCapitalist (VCID, Name, Industry_Preference, PortfolioSize) values (33, 'Bauch and Sons', 'Healthcare', 67);
insert into VentureCapitalist (VCID, Name, Industry_Preference, PortfolioSize) values (34, 'Bernier, Walter and Armstrong', 'Finance', 79);
insert into VentureCapitalist (VCID, Name, Industry_Preference, PortfolioSize) values (35, 'Runolfsson Group', 'Healthcare', 1);
insert into VentureCapitalist (VCID, Name, Industry_Preference, PortfolioSize) values (36, 'Mosciski-Morissette', 'Retail', 96);
insert into VentureCapitalist (VCID, Name, Industry_Preference, PortfolioSize) values (37, 'Hoeger, Schneider and Homenick', 'Education', 98);
insert into VentureCapitalist (VCID, Name, Industry_Preference, PortfolioSize) values (38, 'Kihn LLC', 'Education', 71);
insert into VentureCapitalist (VCID, Name, Industry_Preference, PortfolioSize) values (39, 'Schamberger, Weimann and Beatty', 'Technology', 19);
insert into VentureCapitalist (VCID, Name, Industry_Preference, PortfolioSize) values (40, 'Barton, Lockman and Toy', 'Retail', 81);
insert into VentureCapitalist (VCID, Name, Industry_Preference, PortfolioSize) values (41, 'Cole-Barton', 'Technology', 47);
insert into VentureCapitalist (VCID, Name, Industry_Preference, PortfolioSize) values (42, 'Kutch and Sons', 'Finance', 35);
insert into VentureCapitalist (VCID, Name, Industry_Preference, PortfolioSize) values (43, 'Auer Group', 'Technology', 59);
insert into VentureCapitalist (VCID, Name, Industry_Preference, PortfolioSize) values (44, 'Wehner LLC', 'Technology', 66);
insert into VentureCapitalist (VCID, Name, Industry_Preference, PortfolioSize) values (45, 'Davis-Ullrich', 'Technology', 20);
insert into VentureCapitalist (VCID, Name, Industry_Preference, PortfolioSize) values (46, 'Bode Group', 'Education', 62);
insert into VentureCapitalist (VCID, Name, Industry_Preference, PortfolioSize) values (47, 'Ortiz, Rohan and Franecki', 'Technology', 46);
insert into VentureCapitalist (VCID, Name, Industry_Preference, PortfolioSize) values (48, 'Wyman-Murazik', 'Retail', 41);
insert into VentureCapitalist (VCID, Name, Industry_Preference, PortfolioSize) values (49, 'Kris-McGlynn', 'Technology', 19);
insert into VentureCapitalist (VCID, Name, Industry_Preference, PortfolioSize) values (50, 'Keeling-Feil', 'Healthcare', 23);
insert into VentureCapitalist (VCID, Name, Industry_Preference, PortfolioSize) values (51, 'Torphy and Sons', 'Technology', 10);
insert into VentureCapitalist (VCID, Name, Industry_Preference, PortfolioSize) values (52, 'Hahn and Sons', 'Education', 66);
insert into VentureCapitalist (VCID, Name, Industry_Preference, PortfolioSize) values (53, 'Schneider and Sons', 'Education', 65);
insert into VentureCapitalist (VCID, Name, Industry_Preference, PortfolioSize) values (54, 'Greenholt, Barrows and Moen', 'Retail', 19);
insert into VentureCapitalist (VCID, Name, Industry_Preference, PortfolioSize) values (55, 'Buckridge, O''Kon and Sawayn', 'Healthcare', 4);
insert into VentureCapitalist (VCID, Name, Industry_Preference, PortfolioSize) values (56, 'Lueilwitz-Jaskolski', 'Healthcare', 9);
insert into VentureCapitalist (VCID, Name, Industry_Preference, PortfolioSize) values (57, 'Buckridge and Sons', 'Education', 64);
insert into VentureCapitalist (VCID, Name, Industry_Preference, PortfolioSize) values (58, 'Marquardt-Welch', 'Technology', 72);
insert into VentureCapitalist (VCID, Name, Industry_Preference, PortfolioSize) values (59, 'Hegmann Inc', 'Technology', 33);
insert into VentureCapitalist (VCID, Name, Industry_Preference, PortfolioSize) values (60, 'O''Connell Inc', 'Education', 76);
insert into VentureCapitalist (VCID, Name, Industry_Preference, PortfolioSize) values (61, 'Greenfelder Group', 'Technology', 87);
insert into VentureCapitalist (VCID, Name, Industry_Preference, PortfolioSize) values (62, 'Becker-Bergnaum', 'Technology', 20);
insert into VentureCapitalist (VCID, Name, Industry_Preference, PortfolioSize) values (63, 'Christiansen Inc', 'Finance', 88);
insert into VentureCapitalist (VCID, Name, Industry_Preference, PortfolioSize) values (64, 'Reichel, Crooks and Kohler', 'Finance', 59);
insert into VentureCapitalist (VCID, Name, Industry_Preference, PortfolioSize) values (65, 'Jakubowski, Kessler and Smith', 'Finance', 58);
insert into VentureCapitalist (VCID, Name, Industry_Preference, PortfolioSize) values (66, 'Jacobi Inc', 'Technology', 94);
insert into VentureCapitalist (VCID, Name, Industry_Preference, PortfolioSize) values (67, 'Bernier-Cormier', 'Retail', 77);
insert into VentureCapitalist (VCID, Name, Industry_Preference, PortfolioSize) values (68, 'Lubowitz, Krajcik and Kessler', 'Retail', 95);
insert into VentureCapitalist (VCID, Name, Industry_Preference, PortfolioSize) values (69, 'Beahan-Toy', 'Technology', 24);
insert into VentureCapitalist (VCID, Name, Industry_Preference, PortfolioSize) values (70, 'Wilderman Inc', 'Technology', 74);
insert into VentureCapitalist (VCID, Name, Industry_Preference, PortfolioSize) values (71, 'Jacobson, Bashirian and Bogan', 'Technology', 25);
insert into VentureCapitalist (VCID, Name, Industry_Preference, PortfolioSize) values (72, 'Funk LLC', 'Education', 44);
insert into VentureCapitalist (VCID, Name, Industry_Preference, PortfolioSize) values (73, 'Bergstrom and Sons', 'Technology', 69);
insert into VentureCapitalist (VCID, Name, Industry_Preference, PortfolioSize) values (74, 'Crooks LLC', 'Technology', 39);
insert into VentureCapitalist (VCID, Name, Industry_Preference, PortfolioSize) values (75, 'Ledner-Reynolds', 'Healthcare', 77);
insert into VentureCapitalist (VCID, Name, Industry_Preference, PortfolioSize) values (76, 'Luettgen, Legros and Schmidt', 'Healthcare', 15);
insert into VentureCapitalist (VCID, Name, Industry_Preference, PortfolioSize) values (77, 'Gutmann, Marquardt and Aufderhar', 'Finance', 77);
insert into VentureCapitalist (VCID, Name, Industry_Preference, PortfolioSize) values (78, 'Aufderhar, Strosin and Berge', 'Technology', 11);
insert into VentureCapitalist (VCID, Name, Industry_Preference, PortfolioSize) values (79, 'Langosh LLC', 'Finance', 80);
insert into VentureCapitalist (VCID, Name, Industry_Preference, PortfolioSize) values (80, 'Schulist-Armstrong', 'Healthcare', 80);